Timestamp,Estimate,Actual,Graph,Error,RealError,,
2/14/2022 20:19,33.33333333,0.426229508,bar,3.23490248,3.23490248,0,303
2/14/2022 20:21,90,0.96,donut,2.614709844,2.614709844,,321
2/14/2022 20:22,3,0.020408163,pie,0.116609187,0.116609187,,324
2/14/2022 20:22,98,0.944444444,donut,1.879923548,1.879923548,,
2/14/2022 20:22,95,0.875,bar,2.930737338,2.930737338,,
2/14/2022 20:23,0,0,donut,-3,0,,
2/14/2022 20:23,33.33333333,0.419354839,bar,3.125510683,3.125510683,,
2/14/2022 20:23,33.33333333,0.550724638,bar,4.450494067,4.450494067,,
2/14/2022 20:23,25,0.178082192,pie,2.871209043,2.871209043,,
2/14/2022 20:23,87,0.857142857,pie,0.496425826,0.496425826,,
2/14/2022 20:23,87,0.638297872,pie,4.541961602,4.541961602,,
2/14/2022 20:23,30,0.3125,donut,0.459431619,0.459431619,,
2/14/2022 20:23,22.5,0.265822785,bar,2.072887314,2.072887314,,
2/14/2022 20:24,12,0.097826087,bar,1.227982103,1.227982103,,
2/14/2022 20:24,3,0.049382716,bar,1.044933747,1.044933747,,
2/14/2022 20:24,27,0.318681319,bar,2.319945009,2.319945009,,
2/14/2022 20:24,45,0.529411765,bar,3.011884969,3.011884969,,
2/14/2022 20:25,45,0.5625,pie,3.50779464,3.50779464,,
2/14/2022 20:25,15,0.168674699,donut,0.994557915,0.994557915,,
2/14/2022 20:25,37,0.53125,bar,4.022367813,4.022367813,,
2/14/2022 20:25,52,0.441176471,bar,3.001325397,3.001325397,,
2/14/2022 20:25,13,0.108108108,pie,1.210506812,1.210506812,,
2/14/2022 20:25,100,0.858585859,pie,3.834550854,3.834550854,,
2/14/2022 20:25,33,0.333333333,pie,-1.125530882,-1.125530882,,
2/14/2022 20:26,23,0.191011236,bar,2.008585993,2.008585993,,
2/14/2022 20:26,30,0.258064516,bar,2.110546454,2.110546454,,
2/14/2022 20:26,100,0.9375,pie,2.672425342,2.672425342,,
2/14/2022 20:26,49,0.53968254,pie,2.348587657,2.348587657,,
2/14/2022 20:26,56,0.620689655,bar,2.630863351,2.630863351,,
2/14/2022 20:26,30,0.279069767,pie,1.149274492,1.149274492,,
2/14/2022 20:26,52,0.630136986,bar,3.477508783,3.477508783,,
2/14/2022 20:26,63,0.639534884,bar,0.109010622,0.109010622,,
2/14/2022 20:26,29,0.384615385,donut,3.261009976,3.261009976,,
2/14/2022 20:27,62,0.618181818,pie,-1.704544116,-1.704544116,,
2/14/2022 20:27,26,0.43902439,donut,4.172122557,4.172122557,,
2/14/2022 20:27,15,0.0625,bar,3.14974712,3.14974712,,
2/14/2022 20:27,78,0.686046512,bar,3.251014437,3.251014437,,
2/14/2022 20:27,10,0.155555556,donut,2.506032031,2.506032031,,
2/14/2022 20:27,56,0.463917526,pie,3.282921229,3.282921229,,
2/14/2022 20:27,30,0.170731707,pie,3.706180116,3.706180116,,
2/14/2022 20:27,39,0.326530612,donut,2.69419796,2.69419796,,
2/14/2022 20:28,79,0.653846154,bar,3.780350483,3.780350483,,
2/14/2022 20:28,60,0.530120482,bar,2.830448389,2.830448389,,
2/14/2022 20:28,4,0.029850746,pie,0.188939379,0.188939379,,
2/14/2022 20:28,10,0,bar,3.339850003,3.339850003,,
2/14/2022 20:28,36,0.3875,pie,1.523561956,1.523561956,,
2/14/2022 20:29,46,0.390243902,donut,2.82794292,2.82794292,,
2/14/2022 20:29,10,0.03030303,pie,2.826741065,2.826741065,,
2/14/2022 20:29,96,0.875,pie,3.108524457,3.108524457,,
2/14/2022 20:29,98,0.878787879,donut,3.357018759,3.357018759,,
2/14/2022 20:29,85,0.811764706,donut,1.981315437,1.981315437,,
2/14/2022 20:29,62,0.457142857,pie,4.036566129,4.036566129,,
2/14/2022 20:29,75,0.515151515,pie,4.561316878,4.561316878,,
2/14/2022 20:29,36,0.338709677,donut,1.172508162,1.172508162,,
2/14/2022 20:30,80,0.833333333,donut,1.790076931,1.790076931,,
2/14/2022 20:30,98,0.936708861,donut,2.155138459,2.155138459,,
2/14/2022 20:30,89,0.746268657,donut,3.857795356,3.857795356,,
2/14/2022 20:30,86,0.813186813,donut,2.264932309,2.264932309,,
2/14/2022 20:30,78,0.542857143,donut,4.575269105,4.575269105,,
2/14/2022 20:30,56,0.520833333,donut,2.014950341,2.014950341,,
2/14/2022 20:30,85,0.733333333,donut,3.559695742,3.559695742,,
2/14/2022 20:31,85,0.733333333,donut,3.559695742,3.559695742,,
2/14/2022 20:35,95,1,pie,2.357552005,2.357552005,,
2/14/2022 20:35,75,0.7,pie,2.357552005,2.357552005,,
2/14/2022 20:36,33,0.405405405,pie,2.938387528,2.938387528,,
2/14/2022 20:37,45,0.42,bar,1.64385619,1.64385619,,
2/14/2022 20:37,40,0.4375,bar,1.95419631,1.95419631,,
2/14/2022 20:37,50,0.511111111,pie,0.30580843,0.30580843,,
2/14/2022 20:38,80,0.785714286,bar,0.635588574,0.635588574,,
2/14/2022 20:38,70,0.670454546,pie,1.622717423,1.622717423,,
2/14/2022 20:38,85,0.872340426,bar,1.238201443,1.238201443,,
2/14/2022 20:38,60,0.516483517,bar,3.083493939,3.083493939,,
2/14/2022 20:38,8,0.088607595,pie,-0.020692395,-0.020692395,,
2/14/2022 20:38,55,0.586206897,bar,1.905231372,1.905231372,,
2/14/2022 20:39,75,0.666666667,bar,3.080373416,3.080373416,,
2/14/2022 20:39,95,0.903225807,bar,2.263761387,2.263761387,,
2/14/2022 20:39,12.5,0.084210526,pie,2.071744608,2.071744608,,
2/14/2022 20:39,25,0.121212121,donut,3.700860023,3.700860023,,
2/14/2022 20:39,60,0.666666667,pie,2.763765654,2.763765654,,
2/14/2022 20:40,12.5,0.183098592,bar,2.569213792,2.569213792,,
2/14/2022 20:40,60,0.611111111,pie,0.30580843,0.30580843,,
2/14/2022 20:40,10,0.120879121,donut,1.145946139,1.145946139,,
2/14/2022 20:40,98,0.949152542,bar,1.682459029,1.682459029,,
2/14/2022 20:41,75,0.655172414,donut,3.264199906,3.264199906,,
2/14/2022 20:41,6.25,0.074074074,bar,0.358854664,0.358854664,,
2/14/2022 20:41,1,0.010869565,donut,-2.238159737,-2.238159737,,
2/14/2022 20:41,25,0.274509804,donut,1.365121612,1.365121612,,
2/14/2022 20:41,33,0.388888889,donut,2.588298213,2.588298213,,
2/14/2022 20:41,50,0.5,bar,-3,0,,
2/14/2022 20:41,98,0.948717949,donut,1.701861793,1.701861793,,
2/14/2022 20:42,100,0.98,bar,1.087462841,1.087462841,,
2/14/2022 20:42,100,0.894117647,donut,3.421322321,3.421322321,,
2/14/2022 20:42,12.5,0.12987013,donut,-0.708365827,-0.708365827,,
2/14/2022 20:42,100,0.979381443,donut,1.128858007,1.128858007,,
2/14/2022 20:42,25,0.252873563,donut,-1.278036569,-1.278036569,,
2/14/2022 20:42,75,0.814285714,bar,2.712281331,2.712281331,,
2/14/2022 20:42,75,0.688888889,bar,2.640646633,2.640646633,,
2/14/2022 20:43,20,0.226415094,bar,1.468066843,1.468066843,,
2/14/2022 20:43,35,0.413793103,bar,2.701396095,2.701396095,,
2/14/2022 20:43,65,0.654545455,pie,-0.787006277,-0.787006277,,
2/14/2022 20:44,25,0.322580645,bar,2.884219765,2.884219765,,
2/14/2022 20:45,40,0.337078652,bar,2.681929296,2.681929296,,
2/14/2022 20:46,10,0.04040404,donut,2.605161466,2.605161466,,
2/14/2022 20:46,30,0.307692308,donut,-0.161280907,-0.161280907,,
2/14/2022 20:46,80,0.913043478,donut,3.514671179,3.514671179,,
2/14/2022 20:47,25,0.31,bar,2.614709844,2.614709844,,
2/14/2022 20:47,15,0.173469388,donut,1.305643011,1.305643011,,
2/14/2022 20:47,12.5,0.222222222,pie,3.299716816,3.299716816,,
2/14/2022 20:48,40,0.4,pie,-3,0,,
2/14/2022 20:48,90,1,donut,3.339850003,3.339850003,,
2/14/2022 20:48,65,0.731707317,bar,3.052369237,3.052369237,,
2/14/2022 20:48,35,0.478723404,donut,3.700144538,3.700144538,,
2/14/2022 20:49,45,0.424657534,donut,1.411017556,1.411017556,,
2/14/2022 20:49,33,0.337349398,pie,-0.217692496,-0.217692496,,
2/14/2022 20:49,80,0.75,donut,2.357552005,2.357552005,,
2/14/2022 20:49,33,0.282608696,pie,2.282181916,2.282181916,,
2/14/2022 20:50,65,0.604395604,bar,2.228184399,2.228184399,,
2/14/2022 20:50,40,0.396226415,pie,-0.993210834,-0.993210834,,
2/14/2022 20:50,2,0.1,bar,3.022367813,3.022367813,,
2/14/2022 20:51,7,0.074074074,pie,-0.909397451,-0.909397451,,
2/14/2022 20:51,67,0.686746988,donut,0.847755472,0.847755472,,
2/14/2022 20:51,1,0.02,bar,0.169925001,0.169925001,,
2/14/2022 20:52,15,0.166666667,donut,0.841302254,0.841302254,,
2/14/2022 20:52,25,0.2875,bar,1.95419631,1.95419631,,
2/14/2022 20:52,45,0.538461539,bar,3.165293553,3.165293553,,
2/14/2022 20:52,7,0.063829787,bar,-0.43046754,-0.43046754,,
2/14/2022 20:52,7,0.684210526,donut,5.943594425,5.943594425,,
2/14/2022 20:52,7,0.058823529,pie,0.313416595,0.313416595,,
2/14/2022 20:52,1,0.018181818,pie,-0.084392187,-0.084392187,,
2/14/2022 20:53,33,0.4,donut,2.832890014,2.832890014,,
2/14/2022 20:53,0,0,bar,-3,0,,
2/14/2022 20:53,20,0.283333333,donut,3.080373416,3.080373416,,
2/14/2022 20:53,65,0.611111111,bar,2.005000681,2.005000681,,
2/14/2022 21:19,60,0.675675676,donut,2.943465211,2.943465211,,
2/14/2022 21:19,10,0.090909091,bar,0.048363022,0.048363022,,
2/14/2022 21:19,10,0.130434783,donut,1.663790117,1.663790117,,
2/14/2022 21:20,2,0.017857143,donut,-1.559427409,-1.559427409,,
2/14/2022 21:20,35,0.47826087,bar,3.69500128,3.69500128,,
2/14/2022 21:20,10,0.1875,bar,3.14974712,3.14974712,,
2/14/2022 21:20,15,0.263157895,pie,3.516114704,3.516114704,,
2/14/2022 21:20,85,0.829268293,bar,1.136303445,1.136303445,,
2/14/2022 21:20,10,0.090909091,bar,0.048363022,0.048363022,,
2/14/2022 21:20,10,0.111111111,pie,0.30580843,0.30580843,,
2/14/2022 21:20,80,0.632653061,pie,4.075506436,4.075506436,,
2/14/2022 21:21,80,0.960526316,donut,4.015928506,4.015928506,,
2/14/2022 21:21,100,0.818181818,pie,4.19430916,4.19430916,,
2/14/2022 21:21,25,0.232142857,pie,0.934112064,0.934112064,,
2/14/2022 21:21,25,0.285714286,pie,1.886132035,1.886132035,,
2/14/2022 21:21,60,0.556962025,pie,2.146915023,2.146915023,,
2/14/2022 21:21,50,0.546511628,bar,2.25585201,2.25585201,,
2/14/2022 21:21,70,0.788235294,pie,3.161650611,3.161650611,,
2/14/2022 21:21,100,0.916666667,pie,3.080373416,3.080373416,,
2/14/2022 21:22,85,0.666666667,donut,4.206200388,4.206200388,,
2/14/2022 21:22,90,0.848101266,bar,2.410035332,2.410035332,,
2/14/2022 21:22,40,0.458333333,donut,2.574908836,2.574908836,,
2/14/2022 21:22,80,0.666666667,bar,3.750427854,3.750427854,,
2/14/2022 21:22,20,0.204081633,bar,-0.907350712,-0.907350712,,
2/14/2022 21:22,90,0.868421053,bar,1.714968492,1.714968492,,
2/14/2022 21:22,85,0.75257732,pie,3.3026507,3.3026507,,
2/14/2022 21:23,10,0.098360656,bar,-1.791185985,-1.791185985,,
2/14/2022 21:23,20,0.247191011,bar,2.276228982,2.276228982,,
2/14/2022 21:23,15,0.173333333,pie,1.297680549,1.297680549,,
2/14/2022 21:23,5,0.025316456,bar,1.374819391,1.374819391,,
2/14/2022 21:23,50,0.525,bar,1.392317423,1.392317423,,
2/14/2022 21:23,50,0.528571429,bar,1.57634937,1.57634937,,
2/14/2022 21:23,85,0.88172043,donut,1.721172707,1.721172707,,
2/14/2022 21:23,90,0.930232558,pie,1.654552773,1.654552773,,
2/14/2022 21:23,80,0.691176471,donut,3.460395665,3.460395665,,
2/14/2022 21:23,25,0.261363636,donut,0.334984248,0.334984248,,
2/14/2022 21:24,50,0.595505618,pie,3.274345432,3.274345432,,
2/14/2022 21:24,100,0.954545455,donut,2.223562965,2.223562965,,
2/14/2022 21:24,15,0.212121212,pie,2.663827611,2.663827611,,
2/14/2022 21:24,90,0.987654321,donut,3.15225354,3.15225354,,
2/14/2022 21:24,15,0.204081633,pie,2.468104494,2.468104494,,
2/14/2022 21:24,60,0.615384615,bar,0.73418851,0.73418851,,
2/14/2022 21:24,40,0.457627119,bar,2.55770707,2.55770707,,
2/14/2022 21:25,80,0.81443299,pie,0.649200611,0.649200611,,
2/14/2022 21:25,90,0.886363636,bar,0.573991383,0.573991383,,
2/14/2022 21:25,60,0.576271186,donut,1.320704954,1.320704954,,
2/14/2022 21:25,100,0.870967742,pie,3.703568725,3.703568725,,
2/14/2022 21:25,10,0.132075472,pie,1.736625296,1.736625296,,
2/14/2022 21:25,33,0.176470588,bar,3.952141677,3.952141677,,
2/14/2022 21:25,90,0.931034483,donut,1.690840913,1.690840913,,
2/14/2022 21:25,75,0.666666667,pie,3.080373416,3.080373416,,
2/14/2022 21:26,70,0.709090909,donut,0.048363022,0.048363022,,
2/14/2022 21:26,40,0.458823529,donut,2.586729427,2.586729427,,
2/14/2022 21:26,60,0.602739726,bar,-1.325638414,-1.325638414,,
2/14/2022 21:27,15,0.231884058,pie,3.055439635,3.055439635,,
2/14/2022 21:27,80,0.747126437,donut,2.436256822,2.436256822,,
2/14/2022 21:27,80,0.111111111,donut,6.108814825,6.108814825,,
2/14/2022 21:27,80,0.17721519,pie,5.963554603,5.963554603,,
2/14/2022 21:27,90,0.063291139,bar,6.388807512,6.388807512,,
2/14/2022 21:27,10,0.833333333,pie,6.198854259,6.198854259,,
2/14/2022 21:27,30,0.612244898,donut,4.970370059,4.970370059,,
2/14/2022 21:27,50,0.5,donut,-3,0,,
2/14/2022 21:28,40,0.535353535,donut,3.771922917,3.771922917,,
2/14/2022 21:28,50,0.535714286,donut,1.886132035,1.886132035,,
2/14/2022 21:28,10,0.862068966,bar,6.254214132,6.254214132,,
2/14/2022 21:28,80,0.714285714,donut,3.12042304,3.12042304,,
2/14/2022 21:28,45,0.5,donut,2.357552005,2.357552005,,
2/14/2022 21:28,20,0.1875,donut,0.459431619,0.459431619,,
2/14/2022 21:28,70,0.326530612,bar,5.227738719,5.227738719,,
2/14/2022 21:28,20,0.652173913,donut,5.502788574,5.502788574,,
2/14/2022 21:29,65,0.228571429,pie,5.401489069,5.401489069,,
2/14/2022 21:29,20,0.771428571,donut,5.839653716,5.839653716,,
2/14/2022 21:29,10,0.605263158,pie,5.662527842,5.662527842,,
2/14/2022 21:29,30,0.691489362,donut,5.295500292,5.295500292,,
2/14/2022 21:29,12,0.948979592,bar,6.37543845,6.37543845,,
2/14/2022 21:29,65,0.190476191,pie,5.525986811,5.525986811,,
2/14/2022 21:29,40,0.307692308,donut,3.225856277,3.225856277,,
2/14/2022 21:29,70,0.367816092,pie,5.059328919,5.059328919,,
2/14/2022 21:30,90,0.040816327,bar,6.426992081,6.426992081,,
2/14/2022 21:30,65,0.411111111,bar,4.585797152,4.585797152,,
2/14/2022 21:30,8,0.96875,bar,6.475733431,6.475733431,,
2/14/2022 21:30,68,0,pie,6.09011242,6.09011242,,
2/14/2022 21:30,97,0.011494253,pie,6.584595389,6.584595389,,
2/14/2022 21:30,90,0.036585366,bar,6.434068777,6.434068777,,
2/14/2022 21:30,10,0.857142857,bar,6.244873471,6.244873471,,
2/14/2022 21:31,54,0,pie,5.758223215,5.758223215,,
2/14/2022 21:31,35,0.371428571,pie,1.181329765,1.181329765,,
2/14/2022 21:31,45,0.44,bar,0.169925001,0.169925001,,
2/14/2022 21:31,63,0.382716049,donut,4.635371037,4.635371037,,
2/14/2022 21:31,25,0.455882353,pie,4.372481007,4.372481007,,
2/14/2022 21:31,90,0.03030303,pie,6.444512973,6.444512973,,
2/14/2022 21:31,30,0.602739726,bar,4.92595066,4.92595066,,
2/14/2022 21:31,70,0.306818182,donut,5.301704031,5.301704031,,
2/14/2022 21:31,65,0.168831169,pie,5.592214319,5.592214319,,
2/14/2022 21:31,65,0.113636364,pie,5.748497827,5.748497827,,
2/14/2022 21:32,34,0.544117647,donut,4.360137017,4.360137017,,
2/14/2022 21:32,15,0.807692308,donut,6.042080254,6.042080254,,
2/14/2022 21:32,80,0.0625,pie,6.20701432,6.20701432,,
2/14/2022 21:32,12,0.8,donut,6.09011242,6.09011242,,
2/14/2022 21:32,70,0.447058824,pie,4.667842047,4.667842047,,
2/14/2022 21:32,85,0.088235294,donut,6.253638958,6.253638958,,
2/14/2022 21:32,40,0.227272727,donut,4.120826949,4.120826949,,
2/14/2022 21:32,85,0.207792208,donut,6.007773612,6.007773612,,
2/14/2022 21:32,50,0.512820513,pie,0.492674911,0.492674911,,
2/14/2022 21:32,72,0.481927711,pie,4.580882863,4.580882863,,
2/14/2022 21:33,15,0.958333333,donut,6.339107685,6.339107685,,
2/14/2022 21:33,15,0.903846154,bar,6.238588464,6.238588464,,
2/14/2022 21:33,2,0.944444444,donut,6.532464159,6.532464159,,
2/14/2022 21:33,10,0.773584906,donut,6.076462693,6.076462693,,
2/14/2022 21:33,45,0.597402597,donut,3.893872767,3.893872767,,
2/14/2022 21:33,54,0.365079365,bar,4.138901563,4.138901563,,
2/14/2022 21:33,37,0.75,bar,5.252665432,5.252665432,,
2/14/2022 21:33,60,0.177419355,bar,5.405416001,5.405416001,,
2/14/2022 21:33,25,0.71875,bar,5.554588852,5.554588852,,
2/14/2022 21:33,45,0.483333333,bar,1.790076931,1.790076931,,
2/14/2022 21:33,2,1,bar,6.616548844,6.616548844,,
2/14/2022 21:34,55,0.205479452,bar,5.111743083,5.111743083,,
2/14/2022 21:34,10,0.666666667,bar,5.827607346,5.827607346,,
2/14/2022 21:34,33.33,0.4,pie,2.764473551,2.764473551,,
2/14/2022 21:35,25,0.22826087,pie,1.200951897,1.200951897,,
2/14/2022 21:35,25,0.173913044,pie,2.95115799,2.95115799,,
2/14/2022 21:35,60,0.576470588,donut,1.30914194,1.30914194,,
2/14/2022 21:35,75,0.53125,donut,4.459431619,4.459431619,,
2/14/2022 21:36,90,0.958333333,donut,2.574908836,2.574908836,,
2/14/2022 21:36,40,0.555555556,donut,3.970904769,3.970904769,,
2/14/2022 21:36,100,0.943181818,pie,2.537747862,2.537747862,,
2/14/2022 21:36,20,0.202020202,pie,-1.612548332,-1.612548332,,
2/14/2022 21:37,60,0.761904762,donut,4.02816919,4.02816919,,
2/14/2022 21:37,0,0,bar,-3,0,,
2/14/2022 21:37,17,0.166666667,pie,-1.125530882,-1.125530882,,
2/14/2022 21:37,100,0.95,bar,2.357552005,2.357552005,,
2/14/2022 21:37,100,0.983050848,donut,0.863871272,0.863871272,,
2/14/2022 21:37,50,0.454545455,donut,2.223562965,2.223562965,,
2/14/2022 21:37,60,0.596491228,bar,-1.071338782,-1.071338782,,
2/14/2022 21:37,33,0.5,pie,4.098032083,4.098032083,,
2/14/2022 21:38,100,1,bar,-3,0,,
2/14/2022 21:38,10,0.166666667,donut,2.763765654,2.763765654,,
2/14/2022 21:38,80,0.704081633,donut,3.280486728,3.280486728,,
2/14/2022 21:38,100,0.982142857,donut,0.934112064,0.934112064,,
2/14/2022 21:38,5,0.021276596,bar,1.583682948,1.583682948,,
2/14/2022 21:38,33,0.4,donut,2.832890014,2.832890014,,
2/14/2022 21:38,16,0.155844156,pie,-0.887408174,-0.887408174,,
2/14/2022 21:39,25,0.219512195,pie,1.666202349,1.666202349,,
2/14/2022 21:39,75,0.743589744,bar,-0.384535411,-0.384535411,,
2/14/2022 21:39,25,0.306122449,donut,2.520358102,2.520358102,,
2/14/2022 21:39,80,0.727272727,bar,2.887082115,2.887082115,,
2/14/2022 21:39,20,0.196078431,bar,-0.951326153,-0.951326153,,
2/14/2022 21:39,35,0.337078652,pie,0.502977028,0.502977028,,
2/14/2022 21:40,5,0.029850746,bar,1.097560486,1.097560486,,
2/14/2022 21:40,10,0.120481928,donut,1.119816153,1.119816153,,
2/14/2022 21:40,33,0.305882353,pie,1.34298971,1.34298971,,
2/14/2022 21:40,50,0.515151515,pie,0.713829095,0.713829095,,
2/14/2022 21:40,20,0.125,bar,2.930737338,2.930737338,,
2/14/2022 21:40,75,0.606060606,bar,3.859864163,3.859864163,,
2/14/2022 21:40,50,0.515789474,bar,0.768880774,0.768880774,,
2/14/2022 21:40,50,0.527272727,bar,1.512111935,1.512111935,,
2/14/2022 21:40,25,0.181818182,donut,2.795596951,2.795596951,,
2/14/2022 21:41,25,0.157303371,bar,3.231841399,3.231841399,,
2/14/2022 21:41,0,0,donut,-3,0,,
2/14/2022 21:41,20,0.253012048,pie,2.439943505,2.439943505,,
2/14/2022 21:41,50,0.477272727,bar,1.26166757,1.26166757,,
2/14/2022 21:41,100,0.979166667,bar,1.142957954,1.142957954,,
2/14/2022 21:42,5,0.013333333,pie,1.922832139,1.922832139,,
2/14/2022 21:42,100,0.9,bar,3.339850003,3.339850003,,
2/14/2022 21:42,65,0.6,donut,2.357552005,2.357552005,,
2/14/2022 21:42,70,0.873015873,pie,4.123218165,4.123218165,,
2/14/2022 21:42,75,0.666666667,bar,3.080373416,3.080373416,,
2/14/2022 21:42,7,0.034482759,donut,1.878420936,1.878420936,,
2/14/2022 21:42,80,0.709677419,bar,3.19491568,3.19491568,,
2/14/2022 21:43,80,0.786666667,pie,0.544320516,0.544320516,,
2/14/2022 21:43,20,0.2,donut,-3,0,,
2/14/2022 21:43,20,0.214285714,donut,0.635588574,0.635588574,,
2/14/2022 21:43,90,0.805194805,bar,3.263863639,3.263863639,,
2/14/2022 21:43,25,0.241935484,donut,-0.102447269,-0.102447269,,
2/14/2022 21:43,33,0.298850575,pie,1.695968222,1.695968222,,
2/14/2022 21:43,70,0.651162791,pie,2.324442232,2.324442232,,
2/14/2022 21:43,80,0.681818182,pie,3.578115335,3.578115335,,
2/14/2022 21:43,25,0.375,pie,3.658211483,3.658211483,,
2/14/2022 21:44,70,0.676056338,bar,1.333060837,1.333060837,,
2/14/2022 21:46,90,0.831460674,pie,2.803006396,2.803006396,,
2/14/2022 21:46,25,0.298850575,pie,2.324827153,2.324827153,,
2/14/2022 21:46,8,0.125,pie,2.209453366,2.209453366,,
2/14/2022 21:46,80,0.742268041,bar,2.560273734,2.560273734,,
2/14/2022 21:46,95,0.945054945,pie,-0.690811017,-0.690811017,,
2/14/2022 21:47,8,0.08045977,pie,-2.548125733,-2.548125733,,
2/14/2022 21:47,35,0.346666667,bar,-1.125530882,-1.125530882,,
2/14/2022 21:47,1,0.03030303,bar,1.107890723,1.107890723,,
2/14/2022 21:47,61,0.627906977,bar,0.9378699,0.9378699,,
2/14/2022 21:47,46,0.510638298,bar,2.375409211,2.375409211,,
2/14/2022 21:47,47,0.518518519,bar,2.315233442,2.315233442,,
2/14/2022 21:47,76,0.666666667,bar,3.241585987,3.241585987,,
2/14/2022 21:47,79,0.767441861,donut,1.251454887,1.251454887,,
2/14/2022 21:48,60,0.573033708,bar,1.496528418,1.496528418,,
2/14/2022 21:48,80,0.886075949,pie,3.126410422,3.126410422,,
2/14/2022 21:48,50,0.418604651,pie,3.046933629,3.046933629,,
2/14/2022 21:48,92,0.906666667,bar,0.544320516,0.544320516,,
2/14/2022 21:48,30,0.274509804,donut,1.419010044,1.419010044,,
2/14/2022 21:48,25,0.279569893,bar,1.623861828,1.623861828,,
2/14/2022 21:48,10,0.068965517,donut,1.690840913,1.690840913,,
2/14/2022 21:48,5,0.037037037,donut,0.507207343,0.507207343,,
2/14/2022 21:49,39,0.384615385,bar,-0.591915261,-0.591915261,,
2/14/2022 21:49,90,0.75,pie,3.918863237,3.918863237,,
2/14/2022 21:49,80,0.731182796,pie,2.808739333,2.808739333,,
2/14/2022 21:49,25,0.256756757,bar,-0.320710117,-0.320710117,,
2/14/2022 21:49,66,0.722891566,donut,2.681259583,2.681259583,,
2/14/2022 21:50,65,0.692307692,pie,2.122927522,2.122927522,,
2/14/2022 21:50,70,0.705882353,bar,-0.487549999,-0.487549999,,
2/14/2022 21:50,87,0.819444444,bar,2.373106819,2.373106819,,
2/14/2022 21:50,50,0.484848485,bar,0.713829095,0.713829095,,
2/14/2022 21:50,95,0.857142857,donut,3.23430423,3.23430423,,
2/14/2022 21:50,65,0.704918033,bar,2.489749275,2.489749275,,
2/14/2022 21:51,80,0.852459016,donut,2.425164301,2.425164301,,
2/14/2022 21:51,100,0.84375,pie,3.977279923,3.977279923,,
2/14/2022 21:51,80,0.767676768,donut,1.747311442,1.747311442,,
2/14/2022 21:51,98,0.96,bar,1.087462841,1.087462841,,
2/14/2022 21:51,60,0.72631579,donut,3.673169575,3.673169575,,
2/14/2022 21:51,50,0.586206897,donut,3.128572155,3.128572155,,
2/14/2022 21:51,100,0.97826087,pie,1.200951897,1.200951897,,
2/14/2022 21:51,85,0.829268293,bar,1.136303445,1.136303445,,
2/14/2022 21:51,20,0.261363636,pie,2.64647689,2.64647689,,
2/14/2022 21:51,90,0.977272727,pie,2.973110282,2.973110282,,
2/14/2022 21:52,90,0.7,pie,4.330916878,4.330916878,,
2/14/2022 21:52,95,0.977272727,bar,1.512111935,1.512111935,,
2/14/2022 21:52,20,0.329268293,donut,3.706180116,3.706180116,,
2/14/2022 21:52,70,0.697674419,bar,-1.483750249,-1.483750249,,
2/14/2022 21:52,0,0,pie,-3,0,,
2/14/2022 21:52,15,0.160493827,donut,0.231902641,0.231902641,,
2/14/2022 21:52,33,0.377358491,pie,2.281208335,2.281208335,,
2/14/2022 21:53,77,0.820895522,pie,2.382543377,2.382543377,,
2/14/2022 21:53,100,0.890625,pie,3.46760555,3.46760555,,
2/14/2022 21:53,20,0.303571429,pie,3.389861771,3.389861771,,
2/14/2022 21:53,7,0.089552239,donut,1.056738804,1.056738804,,
2/14/2022 21:53,80,0.747368421,donut,2.429792128,2.429792128,,
2/14/2022 21:53,85,0.733333333,donut,3.559695742,3.559695742,,
2/14/2022 21:54,70,0.710526316,donut,0.235888264,0.235888264,,
2/14/2022 21:54,85,0.789473684,donut,2.627053834,2.627053834,,
2/14/2022 21:54,9,0.064516129,donut,1.41866875,1.41866875,,
2/14/2022 21:54,60,0.593023256,donut,-0.281606512,-0.281606512,,
2/14/2022 21:54,100,0.904761905,donut,3.270350953,3.270350953,,
2/14/2022 21:55,50,0.538461539,pie,1.989558253,1.989558253,,
2/14/2022 21:55,60,0.612903226,bar,0.50113091,0.50113091,,
2/14/2022 21:55,80,0.755813954,bar,2.183837308,2.183837308,,
2/14/2022 21:55,75,0.804347826,pie,2.475028474,2.475028474,,
2/14/2022 21:55,60,0.675675676,bar,2.943465211,2.943465211,,
2/14/2022 21:56,90,0.977777778,pie,2.982359841,2.982359841,,
2/14/2022 21:56,5,0.014705882,donut,1.8696392,1.8696392,,
2/14/2022 21:56,50,0.5,bar,-3,0,,
2/14/2022 21:56,5,0.047619048,donut,-1.461580085,-1.461580085,,
2/14/2022 21:56,40,0.381578947,bar,0.976074161,0.976074161,,
2/14/2022 21:57,80,0.75862069,pie,2.091845716,2.091845716,,
2/14/2022 21:59,20,0.24,bar,2.044394119,2.044394119,,
2/14/2022 21:59,100,0.952380952,bar,2.288920989,2.288920989,,
2/14/2022 22:01,60,0.597560976,bar,-1.438688767,-1.438688767,,
2/14/2022 22:02,20,0.285714286,pie,3.12042304,3.12042304,,
2/14/2022 22:02,30,0.371428571,donut,2.861530062,2.861530062,,
2/14/2022 22:03,80,0.77027027,pie,1.631324558,1.631324558,,
2/14/2022 22:03,1,0.966666667,pie,6.58182825,6.58182825,,
2/14/2022 22:03,40,0.464285714,pie,2.712281331,2.712281331,,
2/14/2022 22:04,33,0.333333333,pie,-1.125530882,-1.125530882,,
2/14/2022 22:04,60,0.611111111,bar,0.30580843,0.30580843,,
2/14/2022 22:04,70,0.68852459,donut,0.347712121,0.347712121,,
2/14/2022 22:04,99,0.989010989,bar,-2.159066486,-2.159066486,,
2/14/2022 22:04,40,0.389830509,bar,0.191498413,0.191498413,,
2/14/2022 22:04,20,0.151898734,pie,2.303087089,2.303087089,,
2/14/2022 22:04,20,0.181818182,bar,0.958420896,0.958420896,,
2/14/2022 22:04,70,0.984848485,donut,4.838439952,4.838439952,,
2/14/2022 22:04,10,0.068493151,pie,1.711796599,1.711796599,,
2/14/2022 22:05,80,0.944444444,pie,3.864873961,3.864873961,,
2/14/2022 22:05,20,0.182795699,donut,0.883957099,0.883957099,,
2/14/2022 22:05,50,0.555555556,pie,2.506032031,2.506032031,,
2/14/2022 22:05,90,0.916666667,bar,0.841302254,0.841302254,,
2/14/2022 22:05,15,0.051282051,donut,3.321465619,3.321465619,,
2/14/2022 22:05,60,0.666666667,bar,2.763765654,2.763765654,,
2/14/2022 22:05,70,0.743589744,bar,2.164778028,2.164778028,,
2/14/2022 22:05,45,0.43,bar,1.087462841,1.087462841,,
2/14/2022 22:06,40,0.444444444,donut,2.192018772,2.192018772,,
2/14/2022 22:06,60,0.507462687,pie,3.229392783,3.229392783,,
2/14/2022 22:06,70,0.67816092,pie,1.207210718,1.207210718,,
2/14/2022 22:06,50,0.5,bar,-3,0,,
2/14/2022 22:06,20,0.243902439,bar,2.174803921,2.174803921,,
2/14/2022 22:07,75,0.657894737,pie,3.222731361,3.222731361,,
2/14/2022 22:07,30,0.347368421,pie,2.281503041,2.281503041,,
2/14/2022 22:07,80,0.7,pie,3.339850003,3.339850003,,
2/14/2022 22:07,90,0.892307692,pie,-0.161280907,-0.161280907,,
2/14/2022 22:07,50,0.571428571,bar,2.861530062,2.861530062,,
2/14/2022 22:07,20,0.142857143,bar,2.545791903,2.545791903,,
2/14/2022 22:07,80,0.833333333,bar,1.790076931,1.790076931,,
2/14/2022 22:07,50,0.446153846,bar,2.461951611,2.461951611,,
2/14/2022 22:07,10,0.081395349,donut,0.989477014,0.989477014,,
2/14/2022 22:07,90,1,pie,3.339850003,3.339850003,,
2/14/2022 22:07,60,0.625,donut,1.392317423,1.392317423,,
2/14/2022 22:07,70,0.692307692,donut,-0.161280907,-0.161280907,,
2/14/2022 22:07,10,0.04494382,donut,2.493293271,2.493293271,,
2/14/2022 22:07,80,0.804123711,donut,-0.896009269,-0.896009269,,
2/14/2022 22:07,90,0.967213115,donut,2.77532693,2.77532693,,
2/14/2022 22:08,50,0.722222222,donut,4.482023609,4.482023609,,
2/14/2022 22:08,90,0.837837838,pie,2.664759569,2.664759569,,
2/14/2022 22:08,20,0.166666667,donut,1.790076931,1.790076931,,
2/14/2022 22:08,70,0.580645161,donut,3.592215885,3.592215885,,
2/14/2022 22:08,10,0.032258065,donut,2.786427734,2.786427734,,
2/14/2022 22:08,70,0.694736842,donut,-0.618570893,-0.618570893,,
2/14/2022 22:08,60,0.666666667,donut,2.763765654,2.763765654,,
2/14/2022 22:08,40,0.407407407,donut,-0.207993042,-0.207993042,,
2/14/2022 22:21,50,0.576923077,donut,2.966671824,2.966671824,,
2/14/2022 22:21,5,0.045454545,donut,-0.787006277,-0.787006277,,
2/14/2022 22:21,10,0.046875,donut,2.442943496,2.442943496,,
2/14/2022 22:21,33,0.31,pie,1.087462841,1.087462841,,
2/14/2022 22:21,50,0.641509434,pie,3.835514181,3.835514181,,
2/14/2022 22:21,5,0.071428571,donut,1.181329765,1.181329765,,
2/14/2022 22:22,80,0.736842105,pie,2.687237536,2.687237536,,
2/14/2022 22:22,50,0.593406593,donut,3.242703002,3.242703002,,
2/14/2022 22:22,90,0.916666667,bar,0.841302254,0.841302254,,
2/14/2022 22:22,1,0.010869565,donut,-2.238159737,-2.238159737,,
2/14/2022 22:22,95,0.941176471,pie,0.010569242,0.010569242,,
2/14/2022 22:22,95,0.904761905,pie,2.216861315,2.216861315,,
2/14/2022 22:22,60,0.568181818,bar,1.725443724,1.725443724,,
2/14/2022 22:22,40,0.388235294,bar,0.380142709,0.380142709,,
2/14/2022 22:23,50,0.538461539,donut,1.989558253,1.989558253,,
2/14/2022 22:23,95,0.974358974,pie,1.356649474,1.356649474,,
2/14/2022 22:23,75,0.525,bar,4.499845887,4.499845887,,
2/14/2022 22:23,10,0.094117647,pie,-0.487549999,-0.487549999,,
2/14/2022 22:23,10,0.177419355,donut,2.975801752,2.975801752,,
2/14/2022 22:23,95,0.829268293,pie,3.608592909,3.608592909,,
2/14/2022 22:23,60,0.581395349,bar,0.989477014,0.989477014,,
2/14/2022 22:24,30,0.304347826,bar,-0.837061429,-0.837061429,,
2/14/2022 22:24,5,0.083333333,donut,1.790076931,1.790076931,,
2/14/2022 22:24,50,0.5,bar,-3,0,,
2/14/2022 22:24,60,0.569444444,bar,1.669278787,1.669278787,,
2/14/2022 22:24,80,0.670212766,pie,3.711904905,3.711904905,,
2/14/2022 22:24,5,0.090909091,donut,2.075843758,2.075843758,,
2/14/2022 22:24,10,0.09375,bar,-0.415037499,-0.415037499,,
2/14/2022 22:24,80,0.987654321,pie,4.239583797,4.239583797,,
2/14/2022 22:25,20,0.307692308,pie,3.445492428,3.445492428,,
2/14/2022 22:25,50,0.632653061,pie,3.743117038,3.743117038,,
2/14/2022 22:25,40,0.430379747,bar,1.661282009,1.661282009,,
2/14/2022 22:25,65,0.658823529,pie,0.010569242,0.010569242,,
2/14/2022 22:25,20,0.333333333,donut,3.750427854,3.750427854,,
2/14/2022 22:25,15,0.092105263,donut,2.564249792,2.564249792,,
2/14/2022 22:25,75,0.891304348,pie,3.833440136,3.833440136,,
2/14/2022 22:26,50,0.52,bar,1.087462841,1.087462841,,
2/14/2022 22:27,33,0.346153846,bar,0.799406169,0.799406169,,
2/14/2022 22:27,55,0.606060606,donut,2.518802153,2.518802153,,
2/14/2022 22:27,50,0.53030303,pie,1.657778566,1.657778566,,
2/14/2022 22:27,85,0.759259259,pie,3.201488655,3.201488655,,
2/14/2022 22:27,50,0.640625,donut,3.826548487,3.826548487,,
2/14/2022 22:27,5,0.095238095,pie,2.216861315,2.216861315,,
2/14/2022 22:27,50,0.573770492,pie,2.907284721,2.907284721,,
2/14/2022 22:27,50,0.473684211,bar,1.46287892,1.46287892,,
2/14/2022 22:27,85,0.724137931,bar,3.668029112,3.668029112,,
2/14/2022 22:27,90,0.838709677,donut,2.644786661,2.644786661,,
2/14/2022 22:27,85,0.830188679,bar,1.074595911,1.074595911,,
2/14/2022 22:28,8,0.111111111,donut,1.694261143,1.694261143,,
2/14/2022 22:28,90,0.797468354,pie,3.375479412,3.375479412,,
2/14/2022 22:28,85,0.830985916,donut,1.018924999,1.018924999,,
2/14/2022 22:28,85,0.78125,pie,2.807354922,2.807354922,,
2/14/2022 22:28,10,0.195652174,donut,3.276529032,3.276529032,,
2/14/2022 22:28,5,0.061728395,donut,0.376111987,0.376111987,,
2/14/2022 22:28,40,0.433333333,donut,1.790076931,1.790076931,,
2/14/2022 22:28,10,0.16,donut,2.614709844,2.614709844,,
2/14/2022 22:29,30,0.301075269,bar,-2.104530583,-2.104530583,,
2/14/2022 22:29,100,0.987179487,bar,0.492674911,0.492674911,,
2/14/2022 22:29,1,0.023529412,bar,0.56358885,0.56358885,,
2/14/2022 22:29,20,0.279411765,bar,3.011884969,3.011884969,,
2/14/2022 22:29,80,0.6875,donut,3.50779464,3.50779464,,
2/14/2022 22:29,33,0.301886793,bar,1.554009572,1.554009572,,
2/14/2022 22:29,90,0.873563218,bar,1.46919736,1.46919736,,507
2/14/2022 22:34,4,0.042105263,pie,-1.575502171,-1.575502171,,
2/14/2022 22:39,90,0.861702128,bar,1.98360008,1.98360008,,
2/14/2022 22:41,80,0.725490196,donut,2.921432597,2.921432597,,
2/14/2022 22:49,60,0.578947368,bar,1.15721395,1.15721395,,
2/14/2022 22:49,75,0.683673469,bar,2.756522284,2.756522284,,
2/14/2022 22:50,80,0.965909091,donut,4.063149913,4.063149913,,
2/14/2022 22:50,90,0.777777778,bar,3.626114607,3.626114607,,
2/14/2022 22:51,0,0.011235955,bar,0.320306178,0.320306178,,
2/14/2022 22:52,10,0.129032258,donut,1.598472787,1.598472787,,
2/14/2022 22:52,0,0,bar,-3,0,,
2/14/2022 22:52,50,0.565217391,pie,2.732646732,2.732646732,,
2/14/2022 22:52,80,0.75,donut,2.357552005,2.357552005,,
2/14/2022 22:53,75,0.694444444,pie,2.506032031,2.506032031,,
2/14/2022 22:54,10,0.11627907,pie,0.809749437,0.809749437,,
2/14/2022 22:54,66,0.642857143,bar,0.879145605,0.879145605,,
2/14/2022 22:54,5,0.043010753,bar,-0.279415547,-0.279415547,,
2/14/2022 22:54,50,0.464788732,bar,1.866364719,1.866364719,,
2/14/2022 22:54,90,0.8875,bar,0.459431619,0.459431619,,
2/14/2022 22:54,66,0.72,donut,2.614709844,2.614709844,,
2/14/2022 22:55,25,0.220779221,donut,1.607426394,1.607426394,,
2/14/2022 22:55,10,0.107692308,bar,-0.161280907,-0.161280907,,
2/14/2022 22:55,90,0.947916667,pie,2.297680549,2.297680549,,
2/14/2022 22:55,50,0.567567568,donut,2.782776899,2.782776899,,
2/14/2022 22:55,10,0.102272727,donut,-1.505235308,-1.505235308,,
2/14/2022 22:55,90,0.807017544,pie,3.236224048,3.236224048,,
2/14/2022 22:55,90,0.864583333,bar,1.874469118,1.874469118,,
2/14/2022 22:56,90,0.947368421,pie,2.281503041,2.281503041,,
2/14/2022 22:56,66,0.569230769,pie,3.201935396,3.201935396,,
2/14/2022 22:56,20,0.233333333,bar,1.790076931,1.790076931,,
2/14/2022 22:56,90,0.766666667,pie,3.750427854,3.750427854,,
2/14/2022 22:56,25,0.25,pie,-3,0,,
2/14/2022 22:56,33,0.380952381,donut,2.38411561,2.38411561,,
2/14/2022 22:56,60,0.523255814,pie,2.963366585,2.963366585,,
2/14/2022 22:57,80,0.762711864,bar,1.946286778,1.946286778,,
2/14/2022 22:59,20,0.170212766,pie,1.633999994,1.633999994,,677
2/14/2022 22:59,70,0.783505155,pie,3.083301113,3.083301113,,
2/14/2022 22:59,33,0.260869565,donut,2.815174427,2.815174427,,
2/14/2022 22:59,80,0.678571429,pie,3.616811367,3.616811367,,
2/14/2022 22:59,90,0.85,bar,2.357552005,2.357552005,,
2/14/2022 22:59,33,0.308641975,pie,1.176834946,1.176834946,,
2/14/2022 22:59,50,0.564102564,donut,2.708243841,2.708243841,,
2/14/2022 23:00,80,0.720588235,pie,3.011884969,3.011884969,,
2/14/2022 23:00,33,0.315789474,bar,0.628589433,0.628589433,,
2/14/2022 23:00,70,0.572916667,bar,3.68182404,3.68182404,,
2/14/2022 23:00,90,0.909090909,bar,0.048363022,0.048363022,,
2/14/2022 23:00,60,0.643678161,donut,2.167620008,2.167620008,,
2/14/2022 23:01,15,0.142857143,donut,-0.25276607,-0.25276607,,
2/14/2022 23:01,60,0.6,donut,-3,-3,,
2/14/2022 23:01,85,0.833333333,pie,0.841302254,0.841302254,,
2/14/2022 23:01,75,0.782608696,pie,1.759526397,1.759526397,,
2/14/2022 23:01,6,0.065934066,pie,-0.477127504,-0.477127504,,
2/14/2022 23:01,33,0.234693878,bar,3.271367741,3.271367741,,
2/14/2022 23:01,90,0.829787234,bar,2.837191754,2.837191754,,
2/14/2022 23:01,90,0.93442623,bar,1.83496315,1.83496315,,
2/14/2022 23:01,90,0.908163265,pie,-0.087232838,-0.087232838,,
2/14/2022 23:02,80,0.585365854,pie,4.432185396,4.432185396,,
2/14/2022 23:02,90,0.846153846,pie,2.461951611,2.461951611,,
2/14/2022 23:02,70,0.814285714,donut,3.53026698,3.53026698,,
2/14/2022 23:02,60,0.61,donut,0.169925001,0.169925001,,
2/14/2022 23:02,33,0.413793103,donut,3.088194246,3.088194246,,
2/14/2022 23:02,80,0.67032967,pie,3.710617235,3.710617235,,
2/14/2022 23:02,70,0.890909091,donut,4.264229326,4.264229326,,
2/14/2022 23:02,80,0.733333333,donut,2.763765654,2.763765654,,
2/14/2022 23:02,10,0.113402062,donut,0.551103697,0.551103697,,
2/14/2022 23:03,0,0,pie,-3,0,,
2/14/2022 23:03,40,0.352941177,donut,2.272286719,2.272286719,,
2/14/2022 23:03,70,0.772727273,donut,2.887082115,2.887082115,,
2/14/2022 23:03,90,0.921052632,pie,1.15721395,1.15721395,,
2/14/2022 23:03,55,0.52688172,bar,1.285004399,1.285004399,,
2/14/2022 23:04,12.5,0.134328358,donut,0.081115734,0.081115734,,
2/14/2022 23:04,14,0.136363636,bar,-1.033166864,-1.033166864,,
2/14/2022 23:04,30,0.366666667,donut,2.763765654,2.763765654,,
2/14/2022 23:04,22,0.316326531,pie,3.286534188,3.286534188,,
2/14/2022 23:05,7,0.075268817,bar,-0.617317874,-0.617317874,,
2/14/2022 23:05,20,0.27027027,donut,2.838352188,2.838352188,,
2/14/2022 23:05,85,0.840909091,bar,0.048363022,0.048363022,,
2/14/2022 23:05,3,0.032258065,donut,-1.511252815,-1.511252815,,
2/14/2022 23:05,60,0.604651163,donut,-0.760928838,-0.760928838,,
2/14/2022 23:06,25,0.298969072,donut,2.328235374,2.328235374,,
2/14/2022 23:06,75,0.747368421,bar,-1.365284464,-1.365284464,,
2/14/2022 23:06,80,0.766666667,donut,1.790076931,1.790076931,,
2/14/2022 23:06,12.5,0.157894737,pie,1.771663215,1.771663215,,
2/14/2022 23:06,33.3,0.290322581,donut,2.135121747,2.135121747,,
2/14/2022 23:06,2,0.04,bar,1.087462841,1.087462841,,
2/14/2022 23:06,66,0.714285714,pie,2.473415848,2.473415848,,
2/14/2022 23:06,90,0.977272727,bar,2.973110282,2.973110282,,
2/14/2022 23:06,10,0.119565217,pie,1.057638626,1.057638626,,
2/14/2022 23:07,60,0.547945206,donut,2.414265303,2.414265303,,
2/14/2022 23:07,66,0.628205128,donut,1.724426399,1.724426399,,
2/14/2022 23:07,80,0.835051546,bar,1.860031006,1.860031006,,
2/14/2022 23:07,45,0.459183674,donut,0.061247189,0.061247189,,
2/14/2022 23:07,40,0.52,pie,3.599912842,3.599912842,,
2/14/2022 23:07,36,0.382022472,pie,1.218624456,1.218624456,,
2/14/2022 23:07,86,0.833333333,pie,1.48112669,1.48112669,,
2/14/2022 23:07,50,0.536842105,donut,1.929492025,1.929492025,,
2/14/2022 23:08,14,0.130434783,donut,0.113062665,0.113062665,,
2/14/2022 23:08,20,0.196721312,donut,-1.142834778,-1.142834778,,
2/14/2022 23:08,95,0.882352941,pie,2.784442396,2.784442396,,
2/14/2022 23:08,95,0.875,bar,2.930737338,2.930737338,,
2/14/2022 23:08,30,0.346153846,donut,2.245004118,2.245004118,,
2/14/2022 23:14,8,0.086419753,pie,-0.382747961,-0.382747961,,
2/14/2022 23:14,85,0.791208791,pie,2.585953023,2.585953023,,
2/14/2022 23:14,45,0.476923077,bar,1.494317136,1.494317136,,
2/14/2022 23:15,95,0.863636364,pie,3.131155431,3.131155431,,
2/14/2022 23:15,95,0.892857143,bar,2.545791903,2.545791903,,
2/14/2022 23:15,45,0.430232558,bar,1.071587082,1.071587082,,
2/14/2022 23:15,50,0.492753623,pie,-0.235080344,-0.235080344,,
2/14/2022 23:15,80,0.87654321,pie,2.959644236,2.959644236,,
2/14/2022 23:16,55,0.573529412,bar,1.30914194,1.30914194,,
2/14/2022 23:16,14,0.117021277,pie,1.276718392,1.276718392,,
2/14/2022 23:16,66,0.666666667,bar,-0.337034987,-0.337034987,,
2/14/2022 23:16,25,0.238095238,pie,0.395585137,0.395585137,,
2/14/2022 23:16,45,0.387096774,pie,2.68152181,2.68152181,,
2/14/2022 23:16,44,0.48,pie,2.044394119,2.044394119,,
2/14/2022 23:16,35,0.350515464,bar,-2.501880759,-2.501880759,,
2/14/2022 23:16,100,0.863636364,donut,3.782551531,3.782551531,,
2/14/2022 23:16,97,0.958762887,bar,0.320440013,0.320440013,,
2/14/2022 23:16,80,0.819672131,bar,1.065029813,1.065029813,,
2/14/2022 23:16,10,0.096774194,donut,-1.159780444,-1.159780444,,
2/14/2022 23:16,90,0.913043478,pie,0.515357033,0.515357033,,
2/14/2022 23:17,27,0.325581395,pie,2.506688137,2.506688137,,
2/14/2022 23:17,90,0.931034483,bar,1.690840913,1.690840913,,
2/14/2022 23:17,95,0.860215054,pie,3.186420469,3.186420469,,
2/14/2022 23:17,88,0.72972973,donut,3.921438904,3.921438904,,
2/14/2022 23:17,52,0.551724138,bar,1.721334942,1.721334942,,
2/14/2022 23:17,45,0.890625,donut,5.465566405,5.465566405,,
2/14/2022 23:17,95,0.913580247,donut,1.913406577,1.913406577,,
2/14/2022 23:17,75,0.650793651,donut,3.328496845,3.328496845,,
2/14/2022 23:17,78,0.716666667,pie,2.691161905,2.691161905,,
2/14/2022 23:17,80,0.881355932,donut,3.04624539,3.04624539,,
2/14/2022 23:17,92,0.858823529,donut,2.642157902,2.642157902,,
2/14/2022 23:17,0,0,bar,-3,0,,
2/14/2022 23:17,60,0.619047619,bar,1.021310506,1.021310506,,
2/14/2022 23:18,88,0.96,bar,3.022367813,3.022367813,,
2/14/2022 23:18,100,0.888888889,pie,3.490070891,3.490070891,,
2/14/2022 23:18,3,0.032786885,bar,-1.308685518,-1.308685518,,
2/14/2022 23:18,9,0.22,pie,3.714245518,3.714245518,,
2/14/2022 23:18,20,0.25,pie,2.357552005,2.357552005,,
2/14/2022 23:18,34,0.352112676,pie,0.418208956,0.418208956,,
2/14/2022 23:18,20,0.482758621,donut,4.827862816,4.827862816,,
2/14/2022 23:18,85,0.891304348,pie,2.089306541,2.089306541,,
2/14/2022 23:18,40,0.542168675,pie,3.842160986,3.842160986,,
2/14/2022 23:18,20,0.208791209,pie,0.005932956,0.005932956,,
2/14/2022 23:18,64,0.705882353,bar,2.747008209,2.747008209,,
2/14/2022 23:18,9,0.12,pie,1.64385619,1.64385619,,
2/14/2022 23:18,46,0.444444444,pie,0.748938236,0.748938236,,
2/14/2022 23:18,33,0.317073171,donut,0.503534901,0.503534901,,
2/14/2022 23:18,28,0.17948718,bar,3.347138658,3.347138658,,
2/14/2022 23:18,53,0.481012658,bar,2.328760128,2.328760128,,
2/14/2022 23:18,90,0.956521739,donut,2.530363925,2.530363925,,
2/14/2022 23:18,30,0.287878788,donut,0.419130254,0.419130254,,
2/14/2022 23:18,40,0.404040404,bar,-0.918550186,-0.918550186,,
2/14/2022 23:18,65,0.612244898,bar,1.963662847,1.963662847,,
2/14/2022 23:19,50,0.423076923,bar,2.966671824,2.966671824,,
2/14/2022 23:19,28,0.278688525,donut,-1.964953053,-1.964953053,,
2/14/2022 23:19,11,0.210526316,pie,3.347329968,3.347329968,,
2/14/2022 23:19,20,0.171875,bar,1.554588852,1.554588852,,
2/14/2022 23:19,86,0.857142857,pie,-1.283792966,-1.283792966,,
2/14/2022 23:19,90,0.888888889,bar,0.30580843,0.30580843,,
2/14/2022 23:19,40,0.402985075,donut,-1.239540703,-1.239540703,,
2/14/2022 23:19,15,0.211111111,donut,2.640646633,2.640646633,,
2/14/2022 23:19,95,1,donut,2.357552005,2.357552005,,
2/14/2022 23:19,11,0.070422535,bar,2.029539985,2.029539985,,
2/14/2022 23:19,3,0.028985507,pie,-2.142740172,-2.142740172,,
2/14/2022 23:19,99,1,bar,0.169925001,0.169925001,,
2/14/2022 23:19,94,0.94949495,pie,0.103658702,0.103658702,,
2/14/2022 23:19,18,0.184782609,bar,-0.72914609,-0.72914609,,
2/14/2022 23:19,80,0.7125,pie,3.14974712,3.14974712,,
2/14/2022 23:19,20,0.3,donut,3.339850003,3.339850003,,
2/14/2022 23:19,6,0.066666667,bar,-0.337034987,-0.337034987,,
2/14/2022 23:19,6,0.111111111,bar,2.388495712,2.388495712,,
2/14/2022 23:20,90,0.890243902,bar,0.138303022,0.138303022,,
2/14/2022 23:20,0.4,0,pie,-0.929610672,-0.929610672,,
2/14/2022 23:21,70,0.653061225,bar,2.268697142,2.268697142,,
2/14/2022 23:21,26,0.227272727,pie,1.764570056,1.764570056,,
2/14/2022 23:21,50,0.24,bar,4.707359132,4.707359132,,
2/14/2022 23:21,20,0.068493151,bar,3.730714391,3.730714391,,
2/14/2022 23:21,89,0.975609756,pie,3.118687902,3.118687902,,
2/14/2022 23:21,69,0.642857143,donut,2.274794119,2.274794119,,
2/14/2022 23:21,8,0.136363636,donut,2.526410318,2.526410318,,
2/14/2022 23:21,26,0.315789474,pie,2.51196067,2.51196067,,
2/14/2022 23:21,10,0.133333333,donut,1.790076931,1.790076931,,
2/14/2022 23:22,58,0.56043956,bar,1.057307438,1.057307438,,
2/14/2022 23:22,60,0.596491228,bar,-1.071338782,-1.071338782,,
2/14/2022 23:22,30,0.370967742,donut,2.852353312,2.852353312,,
2/14/2022 23:22,29,0.2,bar,3.189824559,3.189824559,,
2/14/2022 23:22,96,1,donut,2.044394119,2.044394119,,
2/14/2022 23:22,24,0.285714286,donut,2.231564067,2.231564067,,
2/14/2022 23:22,90,0.837209302,donut,2.678989025,2.678989025,,
2/14/2022 23:22,86,0.630434783,donut,4.528666437,4.528666437,,
2/14/2022 23:22,77,0.493670886,donut,4.794827113,4.794827113,,
2/14/2022 23:22,99,0.892857143,donut,3.298553587,3.298553587,,
2/14/2022 23:23,15,0.14084507,donut,0.057267201,0.057267201,,
2/14/2022 23:36,80,0.777777778,bar,1.230954435,1.230954435,,
2/14/2022 23:38,33,0,pie,5.049848549,5.049848549,,
2/14/2022 23:38,40,0.590909091,donut,4.264229326,4.264229326,,
2/14/2022 23:39,20,0.278481013,pie,2.995140993,2.995140993,,
2/14/2022 23:39,10,0.060606061,pie,2.023040241,2.023040241,,
2/14/2022 23:39,20,0.210526316,donut,0.235888264,0.235888264,,
2/14/2022 23:39,25,0.222222222,bar,1.537434131,1.537434131,,
2/14/2022 23:40,15,0.215053763,donut,2.729090761,2.729090761,,
2/14/2022 23:40,50,0.409090909,donut,3.204126486,3.204126486,,
2/14/2022 23:40,10,0.137931035,bar,1.970155489,1.970155489,,
2/14/2022 23:40,50,0.620689655,donut,3.608095466,3.608095466,,
2/14/2022 23:40,50,0.426470588,bar,2.902641123,2.902641123,,
2/14/2022 23:40,90,0.8,donut,3.339850003,3.339850003,,
2/14/2022 23:40,45,0.3125,bar,3.794415866,3.794415866,,
2/14/2022 23:40,75,0.567901235,donut,4.196518647,4.196518647,,
2/14/2022 23:41,75,0.696629214,bar,2.449450088,2.449450088,,
2/14/2022 23:41,50,0.666666667,donut,4.069673528,4.069673528,,
2/14/2022 23:41,50,0.418367347,pie,3.051070184,3.051070184,,
2/14/2022 23:41,99,0.976744186,bar,0.536631251,0.536631251,,
2/14/2022 23:42,10,0.152777778,donut,2.433701344,2.433701344,,
2/14/2022 23:42,20,0.172413793,bar,1.527881406,1.527881406,,
2/14/2022 23:42,98,0.894736842,donut,3.112919571,3.112919571,,
2/14/2022 23:42,90,0.746478873,pie,3.95206445,3.95206445,,
2/14/2022 23:43,100,0.956521739,pie,2.161186664,2.161186664,,
2/14/2022 23:43,66,0.622641509,bar,1.948918152,1.948918152,,
2/14/2022 23:43,15,0.173076923,bar,1.282553857,1.282553857,,
2/14/2022 23:43,60,0.538461539,bar,2.650499463,2.650499463,,
2/14/2022 23:43,25,0.379310345,donut,3.706644868,3.706644868,,
2/14/2022 23:43,90,0.79661017,pie,3.387360204,3.387360204,,
2/14/2022 23:43,25,0.386363636,donut,3.782551531,3.782551531,,
2/14/2022 23:44,95,0.935483871,bar,0.656828487,0.656828487,,
2/14/2022 23:44,33,0.448275862,pie,3.579250906,3.579250906,,
2/14/2022 23:44,75,0.707865169,bar,2.117190725,2.117190725,,
2/14/2022 23:44,5,0.039473684,pie,0.235888264,0.235888264,,
2/14/2022 23:44,50,0.551724138,donut,2.405288205,2.405288205,,
2/14/2022 23:44,80,0.842857143,bar,2.14101231,2.14101231,,
2/14/2022 23:44,10,0.068493151,donut,1.711796599,1.711796599,,
2/14/2022 23:44,80,0.84375,donut,2.169925001,2.169925001,,
2/14/2022 23:44,25,0.371428571,donut,3.616811367,3.616811367,,
2/14/2022 23:45,15,0.197183099,bar,2.275993305,2.275993305,,
2/14/2022 23:45,45,0.42,donut,1.64385619,1.64385619,,
2/14/2022 23:45,85,0.688311688,donut,4.02625396,4.02625396,,
2/14/2022 23:45,50,0.434343434,bar,2.742147792,2.742147792,,
2/14/2022 23:45,99,0.925373134,pie,2.719771915,2.719771915,,
2/14/2022 23:45,33,0.274509804,bar,2.504371136,2.504371136,,
2/14/2022 23:45,98,0.802631579,pie,4.158808969,4.158808969,,
2/14/2022 23:45,50,0.363636364,pie,3.782551531,3.782551531,,
2/14/2022 23:45,50,0.566666667,bar,2.763765654,2.763765654,,
2/14/2022 23:46,15,0.15,bar,-3,0,,
2/14/2022 23:46,50,0.462365591,bar,1.959191797,1.959191797,,
2/14/2022 23:46,0,0,donut,-3,0,,
2/14/2022 23:46,100,1,pie,-3,0,,
2/14/2022 23:46,45,0.441860465,pie,-0.0908744,-0.0908744,,
2/14/2022 23:47,75,0.636363636,pie,3.522135663,3.522135663,,
2/14/2022 23:47,95,0.846153846,donut,3.393637968,3.393637968,,
2/14/2022 23:47,15,0.168421053,pie,0.976074161,0.976074161,,
2/14/2022 23:47,50,0.473684211,pie,1.46287892,1.46287892,,
2/14/2022 23:47,45,0.705882353,pie,4.684439239,4.684439239,,
2/14/2022 23:48,60,0.835164835,pie,4.563248663,4.563248663,,
2/14/2022 23:48,95,0.963855422,pie,0.595066459,0.595066459,,
2/14/2022 23:50,10,0.987654321,pie,6.473956235,6.473956235,,
2/14/2022 23:50,20,0.774193548,donut,5.8466025,5.8466025,,
2/14/2022 23:50,75,0.293103448,pie,5.517737256,5.517737256,,
2/14/2022 23:51,15,0.868686869,bar,6.169798497,6.169798497,,
2/14/2022 23:51,50,0.513888889,bar,0.598259323,0.598259323,,
2/14/2022 23:51,20,0.785714286,donut,5.875200819,5.875200819,,
2/14/2022 23:51,60,0,pie,5.909893084,5.909893084,,
2/14/2022 23:51,0,0.98630137,pie,6.62578389,6.62578389,,
2/14/2022 23:51,5,0.949367089,bar,6.492841947,6.492841947,,
2/14/2022 23:52,20,0.735294118,donut,5.745624897,5.745624897,,
2/14/2022 23:52,80,0.279069767,bar,5.706475939,5.706475939,,
2/14/2022 23:52,40,0.580246914,donut,4.18187311,4.18187311,,
2/14/2022 23:52,75,0.280701754,bar,5.556270746,5.556270746,,
2/14/2022 23:52,80,0.210526316,donut,5.884411551,5.884411551,,
2/14/2022 23:52,15,0.841269841,bar,6.113783501,6.113783501,,
2/14/2022 23:52,90,0.120481928,bar,6.286822153,6.286822153,,
2/14/2022 23:52,20,0.666666667,pie,5.548179712,5.548179712,,
2/14/2022 23:53,15,0.731707317,bar,5.865318351,5.865318351,,
2/14/2022 23:53,90,0.126582279,bar,6.275505722,6.275505722,,
2/14/2022 23:53,80,0.181818182,bar,5.952873586,5.952873586,,
2/14/2022 23:53,90,0.068965517,donut,6.379004834,6.379004834,,
2/14/2022 23:53,30,0.759493671,pie,5.525892443,5.525892443,,
2/14/2022 23:53,70,0.159574468,donut,5.759357019,5.759357019,,
2/14/2022 23:53,30,0.683544304,bar,5.266015538,5.266015538,,
2/14/2022 23:53,30,0.865671642,pie,5.825077439,5.825077439,,
2/14/2022 23:54,5,0.037735849,donut,0.434470874,0.434470874,,
2/14/2022 23:54,80,0.185185185,donut,5.945010237,5.945010237,,
2/14/2022 23:54,70,0.714285714,pie,0.635588574,0.635588574,,
2/14/2022 23:54,20,0.755555556,donut,5.799101701,5.799101701,,
2/14/2022 23:54,67,0.555555556,pie,3.532247684,3.532247684,,
2/14/2022 23:54,66,0.303030303,pie,5.162772762,5.162772762,,
2/14/2022 23:54,15,0.06741573,bar,3.067540107,3.067540107,,
2/14/2022 23:54,15,0.879120879,pie,6.190557339,6.190557339,,
2/14/2022 23:54,25,0.272727273,bar,1.26166757,1.26166757,,
2/14/2022 23:54,95,0.054054054,pie,6.487351196,6.487351196,,
2/14/2022 23:54,30,0.464646465,donut,4.052211237,4.052211237,,
2/14/2022 23:54,85,0.192982456,bar,6.040602162,6.040602162,,
2/14/2022 23:54,99,0.02020202,bar,6.601470676,6.601470676,,
2/14/2022 23:55,0,0.909090909,donut,6.508335009,6.508335009,,
2/14/2022 23:55,50,0.457142857,bar,2.14101231,2.14101231,,
2/14/2022 23:55,25,0.360655738,pie,3.484212104,3.484212104,,
2/14/2022 23:55,20,0.152542373,bar,2.284147701,2.284147701,,
2/14/2022 23:55,85,0.070422535,donut,6.286931894,6.286931894,,
2/14/2022 23:55,10,0.049180328,donut,2.380443322,2.380443322,,
2/14/2022 23:55,10,0.964285714,pie,6.435521445,6.435521445,,
2/14/2022 23:55,15,0.909090909,pie,6.24857451,6.24857451,,
2/14/2022 23:55,70,0.675,donut,1.392317423,1.392317423,,
2/14/2022 23:55,7.5,0.818181818,bar,6.218067815,6.218067815,,
2/14/2022 23:55,33,0.46835443,donut,3.803272821,3.803272821,,
2/14/2022 23:55,7,0.855555556,bar,6.297935239,6.297935239,,
2/14/2022 23:55,80,0.740740741,bar,2.597155924,2.597155924,,
2/14/2022 23:55,0,1,bar,6.645658432,6.645658432,,
2/14/2022 23:55,80,0.784946237,donut,0.705205024,0.705205024,,
2/14/2022 23:55,25,0.474576271,pie,4.497141425,4.497141425,,
2/14/2022 23:55,99,0.02173913,pie,6.599185168,6.599185168,,
2/14/2022 23:55,25,0.302083333,pie,2.415037499,2.415037499,,
2/14/2022 23:55,85,0.134615385,donut,6.163165826,6.163165826,,
2/14/2022 23:56,25,0.5,pie,4.651051691,4.651051691,,
2/14/2022 23:56,10,0.666666667,pie,5.827607346,5.827607346,,
2/14/2022 23:56,90,0.131578947,bar,6.266170083,6.266170083,,
2/14/2022 23:56,90,0.111111111,bar,6.304034364,6.304034364,,
2/14/2022 23:56,20,0.702380952,donut,5.654295046,5.654295046,,
2/14/2022 23:56,0,0.844827586,donut,6.402718061,6.402718061,,
2/14/2022 23:56,8,0.862745098,bar,6.292772729,6.292772729,,
2/14/2022 23:56,10,0.816326531,bar,6.1650608,6.1650608,,
2/14/2022 23:56,85,0.107142857,pie,6.217438463,6.217438463,,
2/14/2022 23:56,75,0.25,pie,5.647458426,5.647458426,,
2/14/2022 23:57,75,0.272727273,donut,5.580515542,5.580515542,,
2/14/2022 23:57,0,0.943820225,donut,6.56234963,6.56234963,,
2/14/2022 23:57,66,0.445652174,pie,4.430270726,4.430270726,,
2/14/2022 23:57,80,0.225806452,donut,5.8466025,5.8466025,,
2/14/2022 23:57,66,0.422680412,donut,4.576338238,4.576338238,,
2/14/2022 23:57,50,0.454545455,donut,2.223562965,2.223562965,,
2/14/2022 23:57,60,0.4,donut,4.330916878,4.330916878,,
2/14/2022 23:57,60,0.4,donut,4.330916878,4.330916878,,
2/14/2022 23:57,60,0.4,donut,4.330916878,4.330916878,,
2/15/2022 0:27,90,0.824742268,donut,2.935605556,2.935605556,,
2/15/2022 0:27,75,0.695652174,donut,2.475028474,2.475028474,,
2/15/2022 0:28,4.2,0.078125,pie,1.902073579,1.902073579,,
2/15/2022 0:28,80,0.681318681,donut,3.584136546,3.584136546,,
2/15/2022 0:28,40,0.397727273,bar,-1.505235308,-1.505235308,,
2/15/2022 0:28,90,0.811594203,donut,3.16439687,3.16439687,,
2/15/2022 0:28,14.3,0.15625,bar,0.5360529,0.5360529,,
2/15/2022 0:29,75,0.688311688,bar,2.653938479,2.653938479,,
2/15/2022 0:29,60,0.692307692,donut,3.225856277,3.225856277,,
2/15/2022 0:29,35,0.357142857,bar,-0.25276607,-0.25276607,,
2/15/2022 0:29,85,0.76344086,donut,3.134371113,3.134371113,,
2/15/2022 0:29,70,0.647058824,donut,2.438057968,2.438057968,,
2/15/2022 0:29,97,0.965116279,pie,-0.705165566,-0.705165566,,
2/15/2022 0:30,85,0.816326531,bar,1.804196887,1.804196887,,
2/15/2022 0:30,20,0.181818182,bar,0.958420896,0.958420896,,
2/15/2022 0:30,40,0.397058824,pie,-1.254572827,-1.254572827,,
2/15/2022 0:31,1.8,0.031578947,pie,0.568416192,0.568416192,,
2/15/2022 0:31,30,0.294871795,bar,-0.648777598,-0.648777598,,
2/15/2022 0:31,40,0.407407407,pie,-0.207993042,-0.207993042,,
2/15/2022 0:31,95,0.864864865,pie,3.11078308,3.11078308,,
2/15/2022 0:31,95,0.952380952,bar,-1.461580085,-1.461580085,,
2/15/2022 0:31,90,0.909090909,bar,0.048363022,0.048363022,,
2/15/2022 0:32,60,0.623376623,bar,1.30021883,1.30021883,,
2/15/2022 0:32,85,0.795180723,pie,2.48721047,2.48721047,,
2/15/2022 0:32,80,0.864864865,donut,2.724974675,2.724974675,,
2/15/2022 0:32,60,0.590909091,donut,0.048363022,0.048363022,,
2/15/2022 0:32,90,0.90625,bar,-0.415037499,-0.415037499,,
2/15/2022 0:33,90,0.910714286,donut,0.258734268,0.258734268,,
2/15/2022 0:33,3.33,0.048387097,pie,0.708151628,0.708151628,,
2/15/2022 0:33,75,0.704081633,donut,2.237819665,2.237819665,,
2/15/2022 0:33,50,0.5,pie,-3,0,,
2/15/2022 0:33,70,0.704545455,pie,-0.787006277,-0.787006277,,
2/15/2022 0:34,80,0.776595745,donut,1.301836677,1.301836677,,
2/15/2022 0:34,75,0.7,pie,2.357552005,2.357552005,,
2/15/2022 0:34,5,0.032786885,bar,0.884645958,0.884645958,,
2/15/2022 0:34,90,0.87,donut,1.64385619,1.64385619,,
2/15/2022 0:34,40,0.5,donut,3.339850003,3.339850003,,
2/15/2022 0:35,16.67,0.218390805,donut,2.404380121,2.404380121,,
2/15/2022 0:35,80,0.585858586,pie,4.428888838,4.428888838,,
2/15/2022 0:35,55,0.528735632,bar,1.170845969,1.170845969,,
2/15/2022 0:35,50,0.567901235,donut,2.789755008,2.789755008,,
2/15/2022 0:35,50,0.604166667,donut,3.398031074,3.398031074,,
2/15/2022 0:35,60,0.597560976,donut,-1.438688767,-1.438688767,,
2/15/2022 0:36,12.5,0.142857143,pie,0.934112064,0.934112064,,
2/15/2022 0:36,20,0.238636364,donut,1.995895602,1.995895602,,
2/15/2022 0:36,90,0.765957447,donut,3.758010527,3.758010527,,
2/15/2022 0:36,60,0.533333333,pie,2.763765654,2.763765654,,
2/15/2022 0:36,95,1,pie,2.357552005,2.357552005,,
2/15/2022 0:36,60,0.5625,bar,1.95419631,1.95419631,,
2/15/2022 0:36,33.3,0.25,bar,3.074676686,3.074676686,,
2/15/2022 0:37,70,0.707865169,bar,-0.133658763,-0.133658763,,
2/15/2022 0:37,55,0.589285714,bar,2.019193565,2.019193565,,
2/15/2022 0:37,14.2,0.185714286,bar,2.168779551,2.168779551,,
2/15/2022 0:37,27,0.291139241,pie,1.16280559,1.16280559,,
2/15/2022 0:38,40,0.433333333,pie,1.790076931,1.790076931,,
2/15/2022 0:38,70,0.695652174,pie,-0.837061429,-0.837061429,,
2/15/2022 0:38,90,0.857142857,pie,2.14101231,2.14101231,,
2/15/2022 0:39,70,0.701030928,bar,-2.132307292,-2.132307292,,
2/15/2022 0:39,20,0.276595745,pie,2.960618179,2.960618179,,
2/15/2022 0:39,90,0.896907217,bar,-1.203308061,-1.203308061,,
2/15/2022 0:39,90,0.896907217,bar,-1.203308061,-1.203308061,,
2/15/2022 3:49,50,0.505494506,pie,-0.568215426,-0.568215426,,
2/15/2022 3:50,100,0.9375,pie,2.672425342,2.672425342,,
2/15/2022 3:50,75,0.8125,donut,2.672425342,2.672425342,,
2/15/2022 3:50,75,0.790322581,bar,2.055632307,2.055632307,,
2/15/2022 3:50,66,0.590361446,pie,2.825552706,2.825552706,,
2/15/2022 3:50,10,0.179104478,donut,3.006378418,3.006378418,,
2/15/2022 3:50,50,0.557692308,pie,2.559303546,2.559303546,,
2/15/2022 3:50,95,0.944444444,bar,-0.555215157,-0.555215157,,
2/15/2022 3:50,0,0,bar,-3,0,,
2/15/2022 3:50,60,0.670454546,bar,2.842064576,2.842064576,,
2/15/2022 3:50,25,0.268292683,donut,0.966628542,0.966628542,,
2/15/2022 3:50,60,0.6,bar,-3,0,,
2/15/2022 3:51,90,0.8125,donut,3.14974712,3.14974712,,
2/15/2022 3:51,95,0.913580247,pie,1.913406577,1.913406577,,
2/15/2022 3:51,80,0.735849057,donut,2.709311446,2.709311446,,
2/15/2022 3:51,60,0.556701031,pie,2.155392046,2.155392046,,
2/15/2022 3:51,95,0.944444444,donut,-0.555215157,-0.555215157,,
2/15/2022 3:51,15,0.181818182,pie,1.725443724,1.725443724,,
2/15/2022 3:51,60,0.619047619,bar,1.021310506,1.021310506,,
2/15/2022 3:51,30,0.25,bar,2.357552005,2.357552005,,
2/15/2022 3:51,100,0.936507937,bar,2.694703349,2.694703349,,
2/15/2022 3:52,40,0.402597403,pie,-1.378043292,-1.378043292,,
2/15/2022 3:52,0,0,donut,-3,0,,
2/15/2022 3:52,100,0.975609756,donut,1.358409986,1.358409986,,
2/15/2022 3:52,50,0.473684211,pie,1.46287892,1.46287892,,
2/15/2022 3:52,10,0.203389831,pie,3.387360204,3.387360204,,
2/15/2022 3:52,75,0.785714286,donut,1.886132035,1.886132035,,
2/15/2022 3:52,15,0.134831461,bar,0.715325784,0.715325784,,
2/15/2022 3:52,10,0.134020619,pie,1.818466877,1.818466877,,
2/15/2022 3:52,80,0.735294118,donut,2.721501334,2.721501334,,
2/15/2022 3:53,40,0.444444444,pie,2.192018772,2.192018772,,
2/15/2022 3:53,70,0.655172414,donut,2.204065143,2.204065143,,
2/15/2022 3:53,33,0.308510638,bar,1.185191758,1.185191758,,
2/15/2022 3:53,33,0.375,pie,2.209453366,2.209453366,,
2/15/2022 3:53,40,0.447761194,bar,2.293111295,2.293111295,,
2/15/2022 3:53,75,0.945454546,donut,4.297958391,4.297958391,,
2/15/2022 3:53,33,0.319148936,bar,0.275133883,0.275133883,,
2/15/2022 3:53,50,0.53164557,donut,1.717893295,1.717893295,,
2/15/2022 3:53,10,0.101123596,donut,-2.074853995,-2.074853995,,
2/15/2022 3:53,15,0.111111111,donut,2.005000681,2.005000681,,
2/15/2022 3:54,95,0.802469136,donut,3.895117078,3.895117078,,
2/15/2022 3:54,95,0.95,pie,-3,0,,
2/15/2022 3:54,95,0.945945946,bar,-0.914832617,-0.914832617,,
2/15/2022 3:54,15,0.159090909,donut,0.048363022,0.048363022,,
2/15/2022 3:54,30,0.4,bar,3.339850003,3.339850003,,
2/15/2022 3:54,100,0.920454546,donut,3.014274131,3.014274131,,
2/15/2022 3:54,75,0.75,donut,-3,0,,
2/15/2022 3:54,75,0.563829787,pie,4.228204647,4.228204647,,
2/15/2022 3:54,0,0,bar,-3,0,,
2/15/2022 3:54,66,0.666666667,donut,-0.337034987,-0.337034987,,
2/15/2022 3:54,66,0.741573034,bar,3.050032048,3.050032048,,
2/15/2022 3:54,0,0,bar,-3,0,,
2/15/2022 3:55,50,0.43877551,bar,2.643267214,2.643267214,,
2/15/2022 3:55,95,0.910447761,pie,2.028648315,2.028648315,,
2/15/2022 3:55,80,0.831578947,bar,1.714968492,1.714968492,,
2/15/2022 3:55,15,0.12244898,bar,1.526119927,1.526119927,,
2/15/2022 3:55,15,0.16,pie,0.169925001,0.169925001,,
2/15/2022 3:55,0,0,pie,-3,0,,
2/15/2022 3:55,20,0.354166667,pie,3.95806932,3.95806932,,
2/15/2022 8:31,90,0.862068966,pie,1.970155489,1.970155489,,
2/15/2022 8:31,20,0.290909091,donut,3.204126486,3.204126486,,
2/15/2022 8:31,95,0.855072464,pie,3.265699969,3.265699969,,
2/15/2022 8:31,50,0.625,donut,3.658211483,3.658211483,,
2/15/2022 8:31,75,0.507692308,bar,4.606191644,4.606191644,,
2/15/2022 8:31,66,0.402173913,donut,4.695303954,4.695303954,,
2/15/2022 8:32,20,0.137254902,pie,2.6779614,2.6779614,,
2/15/2022 8:32,60,0.632352941,pie,1.748587514,1.748587514,,
2/15/2022 8:32,50,0.541666667,donut,2.101538026,2.101538026,,
2/15/2022 8:32,95,0.951219512,donut,-2.017702002,-2.017702002,,
2/15/2022 8:32,66,0.58,bar,3.022367813,3.022367813,,
2/15/2022 8:33,25,0.27027027,donut,1.105696197,1.105696197,,
2/15/2022 8:33,5,0.015151515,pie,1.851938285,1.851938285,,
2/15/2022 8:33,15,0.131578947,bar,0.976074161,0.976074161,,
2/15/2022 8:34,10,0.074074074,bar,1.442329191,1.442329191,,
2/15/2022 8:34,20,0.282608696,pie,3.067960391,3.067960391,,
2/15/2022 8:34,98,0.90625,bar,2.906890596,2.906890596,,
2/15/2022 8:34,80,0.576271186,donut,4.491717243,4.491717243,,
2/15/2022 8:34,66,0.464285714,bar,4.299862154,4.299862154,,
2/15/2022 8:34,50,0.517857143,bar,0.934112064,0.934112064,,
2/15/2022 8:34,75,0.594936709,pie,3.966368549,3.966368549,,
2/15/2022 8:34,65,0.606060606,bar,2.175984208,2.175984208,,
2/15/2022 8:34,85,0.635135135,donut,4.433726402,4.433726402,,
2/15/2022 8:35,80,0.673913044,donut,3.670579283,3.670579283,,
2/15/2022 8:35,15,0.157142857,bar,-0.25276607,-0.25276607,,
2/15/2022 8:35,45,0.463917526,donut,0.600985763,0.600985763,,
2/15/2022 8:35,8,0.092105263,donut,0.417408404,0.417408404,,
2/15/2022 8:35,100,0.923076923,donut,2.966671824,2.966671824,,
2/15/2022 8:35,33,0.379746835,pie,2.350407725,2.350407725,,
2/15/2022 8:36,98,0.961538462,bar,0.979040381,0.979040381,,
2/15/2022 8:36,20,0.268817204,pie,2.808739333,2.808739333,,
2/15/2022 8:36,80,0.681318681,bar,3.584136546,3.584136546,,
2/15/2022 8:36,10,0.104166667,donut,-0.884522783,-0.884522783,,
2/15/2022 8:36,90,0.85,pie,2.357552005,2.357552005,,
2/15/2022 8:36,98,0.8,pie,4.17990909,4.17990909,,
2/15/2022 8:36,15,0.163043478,bar,0.515357033,0.515357033,,
2/15/2022 8:36,80,0.675324675,bar,3.654496546,3.654496546,,
2/15/2022 8:36,25,0.298245614,bar,2.307300689,2.307300689,,
2/15/2022 8:37,88,0.835051546,donut,2.207844561,2.207844561,,
2/15/2022 8:37,100,0.722222222,pie,4.802336847,4.802336847,,
2/15/2022 8:37,85,0.557142857,donut,4.878269918,4.878269918,,
2/15/2022 8:37,60,0.428571429,bar,4.110017157,4.110017157,,
2/15/2022 8:37,20,0.235294118,bar,1.8696392,1.8696392,,
2/15/2022 8:37,90,0.818181818,bar,3.054295977,3.054295977,,
2/15/2022 8:37,28,0.37037037,pie,3.195668395,3.195668395,,
2/15/2022 8:37,85,0.686567164,pie,4.041618292,4.041618292,,
2/15/2022 8:37,65,0.591836735,pie,2.57078508,2.57078508,,
2/15/2022 8:38,20,0.166666667,bar,1.790076931,1.790076931,,
2/15/2022 8:38,30,0.340425532,bar,2.059200613,2.059200613,,
2/15/2022 8:38,15,0.176470588,donut,1.470957872,1.470957872,,
2/15/2022 8:38,8,0.037735849,pie,2.121484646,2.121484646,,
2/15/2022 8:38,85,0.771428571,pie,2.996776099,2.996776099,,
2/15/2022 8:38,100,0.98245614,donut,0.91026138,0.91026138,,
2/15/2022 8:38,5,0.020408163,pie,1.624888685,1.624888685,,
2/15/2022 8:39,40,0.505882353,pie,3.421322321,3.421322321,,
2/15/2022 8:39,12.5,0.210526316,donut,3.117301336,3.117301336,,
2/15/2022 8:39,95,0.958333333,pie,-0.061400545,-0.061400545,,
2/15/2022 8:39,40,0.509433962,donut,3.46837429,3.46837429,,
2/15/2022 8:39,100,0.989130435,donut,0.277337944,0.277337944,,
2/15/2022 8:39,25,0.162790698,bar,3.145013864,3.145013864,,
2/15/2022 10:05,50,0.513513514,bar,,,,
2/15/2022 10:06,60,0.585106383,donut,,,,
2/15/2022 12:16,33,0.4,bar,,,,
2/15/2022 12:18,50,0.448275862,pie,,,,
2/15/2022 12:19,90,0.97826087,donut,,,,
2/15/2022 12:19,16,0.137254902,bar,,,,
2/15/2022 12:20,50,0.520833333,pie,,,,
2/15/2022 12:20,80,0.862745098,donut,,,,
2/15/2022 12:21,90,0.957446809,pie,,,,
2/15/2022 12:21,75,0.625,donut,,,,
2/15/2022 12:21,75,0.75,bar,,,,
2/15/2022 12:22,10,0.029411765,bar,,,,
2/15/2022 12:22,33,0.347826087,pie,,,,
2/15/2022 12:22,33,0.258064516,pie,,,,
2/15/2022 12:22,16,0.104166667,bar,,,,
2/15/2022 12:22,66,0.853658537,pie,,,,
2/15/2022 12:22,66,0.795454546,pie,,,,
2/15/2022 12:23,50,0.394736842,bar,,,,
2/15/2022 12:23,16,0.19,pie,,,,
2/15/2022 12:23,75,0.689655172,bar,,,,
2/15/2022 12:24,50,0.473684211,pie,,,,
2/15/2022 12:24,20,0.2,pie,,,,
2/15/2022 12:24,80,0.912280702,donut,,,,
2/15/2022 12:25,75,0.611111111,pie,,,,
2/15/2022 12:25,15,0.147368421,bar,,,,
2/15/2022 12:25,80,0.744186047,donut,,,,
2/15/2022 12:25,98,0.974025974,bar,,,,
2/15/2022 12:25,60,0.656565657,donut,,,,
2/15/2022 12:26,10,0.132352941,pie,,,,
2/15/2022 12:26,12,0.175824176,donut,,,,
2/15/2022 12:26,90,1,donut,,,,
2/15/2022 12:26,50,0.479166667,bar,,,,
2/15/2022 12:28,25,0.262295082,bar,,,,
2/15/2022 12:28,50,0.553571429,bar,,,,
2/15/2022 12:28,90,0.918032787,pie,,,,
2/15/2022 12:28,5,0.071428571,donut,,,,
2/15/2022 12:29,75,0.766666667,bar,,,,
2/15/2022 12:29,90,0.90625,bar,,,,
2/15/2022 12:29,2,0.084507042,donut,,,,
2/15/2022 12:29,60,0.5,donut,,,,
2/15/2022 12:29,33,0.358024691,pie,,,,
2/15/2022 12:29,70,0.628571429,pie,,,,
2/15/2022 12:30,20,0.184615385,bar,,,,
2/15/2022 12:30,50,0.555555556,pie,,,,
2/15/2022 12:30,10,0.139534884,donut,,,,
2/15/2022 12:30,50,0.641304348,pie,,,,
2/15/2022 12:30,80,0.907894737,bar,,,,
2/15/2022 12:30,70,0.833333333,donut,,,,
2/15/2022 12:30,70,0.254545455,pie,,,,
2/15/2022 12:31,65,0.948275862,pie,,,,
2/15/2022 12:31,40,0.425287356,bar,,,,
2/15/2022 12:31,95,0.857142857,bar,,,,
2/15/2022 12:31,80,0.625,bar,,,,
2/15/2022 12:31,14,0.189473684,bar,,,,
2/15/2022 12:32,5,0.102040816,donut,,,,
2/15/2022 12:32,75,0.627659575,pie,,,,
2/15/2022 12:32,80,0.925,donut,,,,
2/15/2022 12:32,80,0.867924528,donut,,,,
2/15/2022 12:32,12,0.2,donut,,,,
2/15/2022 12:33,85,0.975,donut,,,,
2/15/2022 12:33,75,0.78,donut,,,,
2/15/2022 12:33,65,0.596774194,donut,,,,
