Timestamp,userID,testType,true,response,error
2/14/2022 15:27:06,603218,Bar,14,15,0.1699250014
2/14/2022 15:27:37,741574,Bar,18,22,2.044394119
2/14/2022 15:27:38,603218,S,43,75,5.005624549
2/14/2022 15:28:42,787323,S,80,25,5.784634846
2/14/2022 15:28:45,787323,S,83,10,6.192292814
2/14/2022 15:29:28,428034,S,89,95,2.614709844
2/14/2022 15:29:42,428034,L,83,60,4.531381461
2/14/2022 15:29:48,796702,Bar,31,30,0.1699250014
2/14/2022 15:29:49,428034,Pie,62,70,3.022367813
2/14/2022 15:29:53,796702,Bar,14,17,1.44625623
2/14/2022 15:29:55,428034,Bar,12,10,1.087462841
2/14/2022 15:30:11,428034,Pie,28,20,3.022367813
2/14/2022 15:30:12,796702,Pie,99,90,3.189824559
2/14/2022 15:30:17,428034,Pie,84,85,0.1699250014
2/14/2022 15:30:22,428034,S,62,70,3.022367813
2/14/2022 15:30:27,796702,L,84,0,6.39429119
2/14/2022 15:30:28,428034,L,88,85,1.64385619
2/14/2022 15:30:35,796702,S,86,60,4.707359132
2/14/2022 15:30:45,796702,Bar,19,20,0.1699250014
2/14/2022 15:30:59,428034,Pie,30,20,3.339850003
2/14/2022 15:31:06,428034,H,96,90,2.614709844
2/14/2022 15:31:10,428034,L,70,70,0
2/14/2022 15:31:14,428034,Pie,69,70,0.1699250014
2/14/2022 15:31:27,428034,S,34,40,2.614709844
2/14/2022 15:32:12,428034,H,63,60,1.64385619
2/14/2022 15:32:28,428034,L,79,80,0.1699250014
2/14/2022 15:32:41,428034,H,97,95,1.087462841
2/14/2022 15:32:55,428034,Bar,12,15,1.64385619
2/14/2022 15:33:04,796702,Pie,91,70,4.400879436
2/14/2022 15:33:10,796702,Pie,74,66,3.022367813
2/14/2022 15:33:12,428034,Pie,20,7,3.714245518
2/14/2022 15:33:18,796702,H,51,40,3.475733431
2/14/2022 15:33:25,796702,L,26,30,2.044394119
2/14/2022 15:33:34,428034,Pie,84,95,3.475733431
2/14/2022 15:33:40,428034,L,65,30,5.13442632
2/14/2022 15:33:41,796702,L,86,10,6.250298418
2/14/2022 15:33:45,796702,Bar,21,20,0.1699250014
2/14/2022 15:33:48,428034,Bar,36,40,2.044394119
2/14/2022 15:33:51,428034,Bar,34,35,0.1699250014
2/14/2022 15:33:51,796702,S,60,50,3.339850003
2/14/2022 15:33:57,428034,L,7,5,1.087462841
2/14/2022 15:34:00,796702,H,83,50,5.049848549
2/14/2022 15:34:04,796702,Bar,17,20,1.64385619
2/14/2022 15:34:07,428034,Pie,93,98,2.357552005
2/14/2022 15:34:13,796702,S,61,30,4.960001932
2/14/2022 15:34:14,428034,L,26,10,4.011227255
2/14/2022 15:34:20,796702,L,88,90,1.087462841
2/14/2022 15:34:28,796702,H,67,48,4.257387843
2/14/2022 15:34:34,796702,S,29,50,4.400879436
2/14/2022 15:34:44,796702,Pie,82,80,1.087462841
2/14/2022 15:34:47,796702,Bar,49,50,0.1699250014
2/14/2022 15:34:52,796702,L,78,80,1.087462841
2/14/2022 15:34:58,796702,L,34,100,6.047123912
2/14/2022 15:35:05,796702,S,55,69,3.820178962
2/14/2022 15:35:11,796702,Pie,78,66,3.599912842
2/14/2022 15:36:23,220178,H,23,30,2.832890014
2/14/2022 15:36:38,220178,Bar,75,80,2.357552005
2/14/2022 15:36:59,220178,Pie,25,33,3.022367813
2/14/2022 15:37:08,220178,S,77,75,1.087462841
2/14/2022 15:37:20,220178,Pie,44,50,2.614709844
2/14/2022 15:37:27,896729,L,57,50,2.832890014
2/14/2022 15:37:33,220178,H,57,5,5.703903573
2/14/2022 15:37:38,220178,S,27,10,4.098032083
2/14/2022 15:37:48,896729,S,87,80,2.832890014
2/14/2022 15:37:56,220178,Pie,73,75,1.087462841
2/14/2022 15:38:18,896729,Pie,82,90,3.022367813
2/14/2022 15:38:35,896729,Pie,52,45,2.832890014
2/14/2022 15:39:02,191024,Bar,26,33,2.832890014
2/14/2022 15:39:18,604153,S,34,15,4.257387843
2/14/2022 15:39:19,191024,L,55,50,2.357552005
2/14/2022 15:39:26,191024,S,38,50,3.599912842
2/14/2022 15:39:32,604153,L,70,75,2.357552005
2/14/2022 15:39:35,191024,Pie,54,66,3.599912842
2/14/2022 15:39:44,191024,Pie,84,80,2.044394119
2/14/2022 15:39:52,191024,Bar,14,15,0.1699250014
2/14/2022 15:39:58,191024,Bar,57,60,1.64385619
2/14/2022 15:40:06,191024,Pie,25,25,0
2/14/2022 15:40:06,408531,S,67,4,5.980139578
2/14/2022 15:40:06,408531,S,61,6,5.784634846
2/14/2022 15:40:11,191024,Bar,45,50,2.357552005
2/14/2022 15:40:12,408531,S,40,2,5.252665432
2/14/2022 15:40:19,408531,L,47,28,4.257387843
2/14/2022 15:40:19,191024,Bar,51,50,0.1699250014
2/14/2022 15:40:23,191024,Pie,66,80,3.820178962
2/14/2022 15:40:28,191024,Pie,23,9,3.820178962
2/14/2022 15:40:30,408531,Bar,29,29,0
2/14/2022 15:40:36,191024,Bar,34,33,0.1699250014
2/14/2022 15:40:52,408531,Pie,31,21,3.339850003
2/14/2022 15:40:54,191024,S,0,2,1.087462841
2/14/2022 15:41:00,408531,Bar,11,11,0
2/14/2022 15:41:06,408531,L,59,15,5.463524373
2/14/2022 15:41:09,408531,Bar,50,50,0
2/14/2022 15:41:13,896729,H,94,90,2.044394119
2/14/2022 15:41:15,191024,Pie,52,75,4.531381461
2/14/2022 15:41:17,408531,Pie,88,83,2.357552005
2/14/2022 15:41:20,191024,Pie,76,95,4.257387843
2/14/2022 15:41:22,408531,H,40,1,5.290018847
2/14/2022 15:41:24,191024,S,65,70,2.357552005
2/14/2022 15:41:25,896729,S,87,77,3.339850003
2/14/2022 15:41:28,408531,Pie,52,50,1.087462841
2/14/2022 15:41:31,408531,Bar,48,50,1.087462841
2/14/2022 15:41:31,191024,S,71,75,2.044394119
2/14/2022 15:41:34,408531,Bar,25,23,1.087462841
2/14/2022 15:41:39,408531,H,90,5,6.411510988
2/14/2022 15:41:41,191024,Bar,23,30,2.832890014
2/14/2022 15:41:42,408531,Pie,63,75,3.599912842
2/14/2022 15:41:45,408531,S,50,15,5.13442632
2/14/2022 15:41:46,191024,L,55,50,2.357552005
2/14/2022 15:41:48,896729,L,43,30,3.714245518
2/14/2022 15:41:51,408531,H,88,55,5.049848549
2/14/2022 15:41:54,191024,H,95,80,3.918863237
2/14/2022 15:41:55,408531,Bar,47,45,1.087462841
2/14/2022 15:41:58,408531,Bar,30,32,1.087462841
2/14/2022 15:41:58,191024,L,11,10,0.1699250014
2/14/2022 15:42:00,896729,S,26,42,4.011227255
2/14/2022 15:42:03,191024,L,64,50,3.820178962
2/14/2022 15:42:06,408531,Pie,86,94,3.022367813
2/14/2022 15:42:07,191024,S,82,95,3.714245518
2/14/2022 15:42:11,408531,Pie,24,21,1.64385619
2/14/2022 15:42:12,191024,Bar,65,60,2.357552005
2/14/2022 15:42:13,220178,S,80,80,0
2/14/2022 15:42:17,408531,Pie,39,33,2.614709844
2/14/2022 15:42:19,408531,Bar,51,50,0.1699250014
2/14/2022 15:42:22,220178,H,92,70,4.46760555
2/14/2022 15:42:22,408531,L,62,5,5.836050355
2/14/2022 15:42:25,896729,H,33,55,4.46760555
2/14/2022 15:42:28,220178,L,37,25,3.599912842
2/14/2022 15:42:38,220178,H,33,15,4.17990909
2/14/2022 15:42:45,220178,S,56,10,5.527477006
2/14/2022 15:42:54,220178,L,22,15,2.832890014
2/14/2022 15:43:00,896729,Pie,84,80,2.044394119
2/14/2022 15:43:09,220178,Bar,75,80,2.357552005
2/14/2022 15:43:12,896729,S,69,50,4.257387843
2/14/2022 15:43:29,896729,H,92,95,1.64385619
2/14/2022 15:43:47,896729,H,62,80,4.17990909
2/14/2022 15:44:02,220178,Pie,63,80,4.098032083
2/14/2022 15:44:11,896729,L,77,70,2.832890014
2/14/2022 15:44:19,220178,Pie,29,25,2.044394119
2/14/2022 15:44:19,896729,S,29,30,0.1699250014
2/14/2022 15:44:25,220178,Bar,18,20,1.087462841
2/14/2022 15:44:26,896729,S,6,5,0.1699250014
2/14/2022 15:44:40,220178,Pie,86,90,2.044394119
2/14/2022 15:44:48,220178,Bar,22,20,1.087462841
2/14/2022 15:44:49,896729,L,49,60,3.475733431
2/14/2022 15:44:59,896729,H,79,85,2.614709844
2/14/2022 15:45:07,896729,H,53,50,1.64385619
2/14/2022 15:45:30,896729,L,17,20,1.64385619
2/14/2022 15:45:44,896729,Bar,70,75,2.357552005
2/14/2022 15:46:02,896729,Bar,22,22,0
2/14/2022 15:46:02,220178,Pie,40,25,3.918863237
2/14/2022 15:46:08,220178,H,14,30,4.011227255
2/14/2022 15:46:13,220178,Bar,13,10,1.64385619
2/14/2022 15:46:19,220178,L,56,60,2.044394119
2/14/2022 15:46:26,220178,L,46,50,2.044394119
2/14/2022 15:46:27,896729,Bar,26,28,1.087462841
2/14/2022 15:46:34,896729,S,72,80,3.022367813
2/14/2022 15:47:07,896729,L,65,60,2.357552005
2/14/2022 15:49:49,483141,Bar,49,50,0.1699250014
2/14/2022 15:50:10,703944,Bar,12,16,2.044394119
2/14/2022 15:50:21,703944,Pie,37,45,3.022367813
2/14/2022 15:50:31,703944,S,53,50,1.64385619
2/14/2022 15:50:37,703944,Bar,31,33,1.087462841
2/14/2022 15:50:44,703944,Pie,77,100,4.531381461
2/14/2022 15:50:52,703944,Bar,34,40,2.614709844
2/14/2022 15:50:59,703944,Pie,96,100,2.044394119
2/14/2022 15:51:04,703944,Bar,81,90,3.189824559
2/14/2022 15:51:08,703944,Pie,71,90,4.257387843
2/14/2022 15:51:13,703944,Pie,16,10,2.614709844
2/14/2022 15:51:22,703944,H,89,60,4.864186145
2/14/2022 15:51:27,703944,H,90,70,4.330916878
2/14/2022 15:51:32,703944,Bar,47,50,1.64385619
2/14/2022 15:51:36,703944,Pie,85,80,2.357552005
2/14/2022 15:51:42,703944,Pie,58,50,3.022367813
2/14/2022 15:51:44,449879,H,73,40,5.049848549
2/14/2022 15:51:49,449879,S,65,80,3.918863237
2/14/2022 15:51:50,703944,L,48,30,4.17990909
2/14/2022 15:51:56,703944,S,30,60,4.912889336
2/14/2022 15:51:59,449879,Pie,37,25,3.599912842
2/14/2022 15:52:02,703944,S,78,100,4.46760555
2/14/2022 15:52:06,703944,S,89,90,0.1699250014
2/14/2022 15:52:07,449879,Bar,51,50,0.1699250014
2/14/2022 15:52:14,449879,Bar,37,40,1.64385619
2/14/2022 15:52:17,703944,H,29,10,4.257387843
2/14/2022 15:52:22,449879,H,95,80,3.918863237
2/14/2022 15:52:25,703944,Pie,50,50,0
2/14/2022 15:52:28,449879,H,28,10,4.17990909
2/14/2022 15:52:33,703944,Bar,21,25,2.044394119
2/14/2022 15:52:34,449879,L,25,10,3.918863237
2/14/2022 15:52:40,449879,L,80,40,5.326429487
2/14/2022 15:52:40,703944,L,87,85,1.087462841
2/14/2022 15:52:46,703944,L,10,5,2.357552005
2/14/2022 15:52:51,703944,H,35,20,3.918863237
2/14/2022 15:53:07,324660,H,53,30,4.531381461
2/14/2022 15:53:20,449879,Bar,55,50,2.357552005
2/14/2022 15:53:26,449879,Pie,83,70,3.714245518
2/14/2022 15:53:26,324660,Bar,67,70,1.64385619
2/14/2022 15:53:34,449879,H,21,30,3.189824559
2/14/2022 15:53:39,71214,S,72,20,5.703903573
2/14/2022 15:53:40,449879,Pie,44,30,3.820178962
2/14/2022 15:53:45,449879,Bar,65,60,2.357552005
2/14/2022 15:53:47,324660,Bar,55,60,2.357552005
2/14/2022 15:53:49,449879,H,20,20,0
2/14/2022 15:53:53,324660,S,77,90,3.714245518
2/14/2022 15:53:54,71214,H,95,50,5.495855027
2/14/2022 15:53:55,449879,Bar,10,10,0
2/14/2022 15:53:59,449879,Bar,25,20,2.357552005
2/14/2022 15:54:03,324660,S,72,80,3.022367813
2/14/2022 15:54:04,449879,L,29,40,3.475733431
2/14/2022 15:54:05,356301,H,95,89,2.614709844
2/14/2022 15:54:09,356301,L,19,10,3.189824559
2/14/2022 15:54:11,449879,H,9,30,4.400879436
2/14/2022 15:54:12,324660,L,85,90,2.357552005
2/14/2022 15:54:14,71214,L,68,25,5.430452552
2/14/2022 15:54:15,449879,H,15,20,2.357552005
2/14/2022 15:54:16,356301,Pie,79,47,5.005624549
2/14/2022 15:54:18,449879,H,33,40,2.832890014
2/14/2022 15:54:20,324660,Bar,21,20,0.1699250014
2/14/2022 15:54:20,71214,L,78,10,6.09011242
2/14/2022 15:54:22,449879,S,22,30,3.022367813
2/14/2022 15:54:26,449879,L,8,5,1.64385619
2/14/2022 15:54:26,356301,Bar,66,34,5.005624549
2/14/2022 15:54:26,324660,H,22,10,3.599912842
2/14/2022 15:54:29,71214,S,42,35,2.832890014
2/14/2022 15:54:30,356301,Bar,66,2,6.002815016
2/14/2022 15:54:30,449879,L,24,20,2.044394119
2/14/2022 15:54:32,324660,H,96,95,0.1699250014
2/14/2022 15:54:36,356301,S,79,89,3.339850003
2/14/2022 15:54:36,449879,Pie,92,90,1.087462841
2/14/2022 15:54:39,356301,H,93,40,5.731319031
2/14/2022 15:54:44,356301,Bar,10,4,2.614709844
2/14/2022 15:54:47,324660,Pie,86,90,2.044394119
2/14/2022 15:54:48,356301,L,68,70,1.087462841
2/14/2022 15:54:50,71214,Bar,25,25,0
2/14/2022 15:54:54,356301,H,1,70,6.11113567
2/14/2022 15:55:01,324660,H,67,30,5.214319121
2/14/2022 15:55:06,356301,Pie,91,7,6.394462695
2/14/2022 15:55:13,356301,S,89,40,5.618385502
2/14/2022 15:55:16,324660,Pie,75,60,3.918863237
2/14/2022 15:55:17,356301,Bar,28,7,4.400879436
2/14/2022 15:55:20,324660,H,93,90,1.64385619
2/14/2022 15:55:25,324660,S,14,10,2.044394119
2/14/2022 15:55:28,71214,Pie,44,27,4.098032083
2/14/2022 15:55:32,356301,Bar,67,10,5.836050355
2/14/2022 15:55:36,356301,H,97,40,5.836050355
2/14/2022 15:55:44,71214,Pie,88,47,5.361943774
2/14/2022 15:55:51,356301,H,76,30,5.527477006
2/14/2022 15:56:02,71214,S,8,1,2.832890014
2/14/2022 15:56:21,71214,L,72,20,5.703903573
2/14/2022 15:56:27,71214,Pie,19,18,0.1699250014
2/14/2022 15:56:36,71214,L,74,23,5.675957033
2/14/2022 15:56:49,71214,S,10,20,3.339850003
2/14/2022 15:57:08,71214,Bar,37,40,1.64385619
2/14/2022 15:57:12,628683,Pie,33,33,0
2/14/2022 15:57:17,71214,S,22,14,3.022367813
2/14/2022 15:57:23,71214,Pie,60,50,3.339850003
2/14/2022 15:57:31,71214,Pie,94,100,2.614709844
2/14/2022 15:57:31,628683,Bar,17,16,0.1699250014
2/14/2022 15:57:42,628683,Pie,76,85,3.189824559
2/14/2022 15:57:44,71214,H,22,0,4.466953337
2/14/2022 15:57:52,628683,S,81,5,6.250298418
2/14/2022 15:57:54,71214,H,5,23,4.17990909
2/14/2022 15:57:56,760505,Bar,17,10,2.832890014
2/14/2022 15:57:57,11196,L,85,50,5.13442632
2/14/2022 15:57:59,628683,Bar,75,80,2.357552005
2/14/2022 15:58:07,71214,Pie,24,14,3.339850003
2/14/2022 15:58:07,628683,S,89,7,6.35974956
2/14/2022 15:58:10,760505,H,59,5,5.758223215
2/14/2022 15:58:12,71214,L,83,60,4.531381461
2/14/2022 15:58:19,760505,Bar,17,10,2.832890014
2/14/2022 15:58:21,71214,Pie,66,59,2.832890014
2/14/2022 15:58:31,71214,Pie,61,70,3.189824559
2/14/2022 15:58:37,760505,Pie,17,5,3.599912842
2/14/2022 15:58:37,71214,H,60,20,5.326429487
2/14/2022 15:58:42,11196,Pie,52,15,5.214319121
2/14/2022 15:58:43,71214,Pie,49,46,1.64385619
2/14/2022 15:58:47,760505,L,77,20,5.836050355
2/14/2022 15:58:58,760505,S,37,10,4.761551232
2/14/2022 15:59:00,11196,L,76,75,0.1699250014
2/14/2022 15:59:29,11196,Pie,52,12,5.326429487
2/14/2022 15:59:47,628683,H,67,55,3.599912842
2/14/2022 15:59:49,11196,H,35,60,4.651051691
2/14/2022 16:00:07,628683,H,63,100,5.214319121
2/14/2022 16:00:09,11196,Bar,12,10,1.087462841
2/14/2022 16:00:19,11196,Bar,15,10,2.357552005
2/14/2022 16:01:01,737394,Bar,78,10,6.09011242
2/14/2022 16:01:15,737394,Bar,36,33,1.64385619
2/14/2022 16:02:04,737394,L,21,100,6.306061689
2/14/2022 16:02:10,737394,L,32,100,6.09011242
2/14/2022 16:02:17,737394,L,61,100,5.290018847
2/14/2022 16:02:27,737394,H,54,5,5.618385502
2/14/2022 16:02:32,737394,L,34,50,4.011227255
2/14/2022 16:05:10,536228,Bar,14,20,2.614709844
2/14/2022 16:05:14,536228,Pie,28,75,5.558420713
2/14/2022 16:05:20,536228,S,83,1,6.365010077
2/14/2022 16:05:24,536228,S,66,3,5.980139578
2/14/2022 16:05:29,859948,Bar,23,20,1.64385619
2/14/2022 16:05:29,536228,L,64,40,4.592457037
2/14/2022 16:05:36,536228,Pie,25,20,2.357552005
2/14/2022 16:05:43,536228,H,57,100,5.430452552
2/14/2022 16:05:48,536228,Pie,90,100,3.339850003
2/14/2022 16:05:54,536228,Bar,21,25,2.044394119
2/14/2022 16:05:54,737394,Pie,34,30,2.044394119
2/14/2022 16:05:58,536228,Bar,14,20,2.614709844
2/14/2022 16:06:03,536228,Bar,67,80,3.714245518
2/14/2022 16:06:05,536228,H,77,75,1.087462841
2/14/2022 16:06:08,536228,S,67,2,6.025139562
2/14/2022 16:06:12,536228,S,19,10,3.189824559
2/14/2022 16:06:17,536228,Bar,13,10,1.64385619
2/14/2022 16:06:20,536228,S,12,20,3.022367813
2/14/2022 16:06:24,536228,H,97,1,6.594324604
2/14/2022 16:06:28,536228,Pie,30,33,1.64385619
2/14/2022 16:06:33,536228,L,80,14,6.047123912
2/14/2022 16:06:36,859948,H,64,10,5.758223215
2/14/2022 16:06:38,536228,L,16,60,5.463524373
2/14/2022 16:06:41,536228,Pie,75,100,4.651051691
2/14/2022 16:06:47,859948,S,41,30,3.475733431
2/14/2022 16:06:48,536228,L,85,6,6.306061689
2/14/2022 16:06:53,536228,Bar,13,16,1.64385619
2/14/2022 16:06:57,536228,L,28,18,3.339850003
2/14/2022 16:06:59,536228,H,95,1,6.556506055
2/14/2022 16:07:09,746907,Bar,37,45,3.022367813
2/14/2022 16:07:15,746907,Bar,28,25,1.64385619
2/14/2022 16:07:29,746907,L,15,25,3.339850003
2/14/2022 16:08:07,859948,Pie,40,30,3.339850003
2/14/2022 16:08:07,746907,H,20,10,3.339850003
2/14/2022 16:08:19,746907,H,39,10,4.864186145
2/14/2022 16:08:23,936595,L,81,15,6.047123912
2/14/2022 16:08:23,859948,Pie,89,50,5.290018847
2/14/2022 16:08:28,746907,L,10,10,0
2/14/2022 16:08:35,746907,H,96,50,5.527477006
2/14/2022 16:08:43,746907,S,79,50,4.864186145
2/14/2022 16:08:46,746907,S,61,50,3.475733431
2/14/2022 16:08:56,746907,L,61,50,3.475733431
2/14/2022 16:09:06,746907,Pie,89,95,2.614709844
2/14/2022 16:09:26,746907,S,71,50,4.400879436
2/14/2022 16:09:32,746907,S,13,20,2.832890014
2/14/2022 16:09:37,746907,S,47,30,4.098032083
2/14/2022 16:09:42,746907,H,23,50,4.761551232
2/14/2022 16:09:54,746907,Pie,76,80,2.044394119
2/14/2022 16:10:01,746907,Bar,11,10,0.1699250014
2/14/2022 16:10:15,746907,Pie,67,80,3.714245518
2/14/2022 16:10:24,746907,Pie,96,95,0.1699250014
2/14/2022 16:10:31,746907,Pie,72,70,1.087462841
2/14/2022 16:10:35,746907,L,21,20,0.1699250014
2/14/2022 16:10:40,746907,Bar,21,20,0.1699250014
2/14/2022 16:10:44,746907,S,80,50,4.912889336
2/14/2022 16:10:44,859948,Pie,49,50,0.1699250014
2/14/2022 16:10:48,746907,L,67,50,4.098032083
2/14/2022 16:10:52,746907,S,7,5,1.087462841
2/14/2022 16:11:03,859948,H,95,80,3.918863237
2/14/2022 16:11:12,859948,S,64,40,4.592457037
2/14/2022 16:11:29,859948,Pie,97,95,1.087462841
2/14/2022 16:11:37,859948,L,46,75,4.864186145
2/14/2022 16:11:42,859948,S,43,48,2.357552005
2/14/2022 16:11:56,859948,H,57,15,5.396604781
2/14/2022 16:12:03,859948,H,3,15,3.599912842
2/14/2022 16:12:11,859948,L,18,20,1.087462841
2/14/2022 16:12:18,859948,L,10,40,4.912889336
2/14/2022 16:12:28,859948,Pie,29,30,0.1699250014
2/14/2022 16:12:31,776530,Bar,15,13,1.392317423
2/14/2022 16:12:36,859948,Pie,36,40,2.044394119
2/14/2022 16:12:50,859948,Bar,57,65,3.022367813
2/14/2022 16:13:21,859948,H,85,75,3.339850003
2/14/2022 16:13:30,859948,Bar,11,10,0.1699250014
2/14/2022 16:13:32,776530,Bar,57,55,1.087462841
2/14/2022 16:13:39,859948,Pie,41,40,0.1699250014
2/14/2022 16:13:49,859948,Bar,25,20,2.357552005
2/14/2022 16:13:56,859948,S,49,15,5.092757141
2/14/2022 16:14:01,859948,L,80,85,2.357552005
2/14/2022 16:14:09,859948,L,66,50,4.011227255
2/14/2022 16:15:03,737394,H,76,50,4.707359132
2/14/2022 16:15:15,737394,Pie,41,40,0.1699250014
2/14/2022 16:15:30,776530,Pie,70,60,3.339850003
2/14/2022 16:15:49,776530,Pie,80,80,0
2/14/2022 16:17:00,871680,Pie,57,50,2.832890014
2/14/2022 16:17:05,776530,H,17,67,5.647458426
2/14/2022 16:17:12,776530,H,55,50,2.357552005
2/14/2022 16:17:27,776530,H,76,80,2.044394119
2/14/2022 16:17:44,776530,S,66,15,5.675957033
2/14/2022 16:17:58,776530,L,86,30,5.810571635
2/14/2022 16:18:01,776530,L,72,30,5.396604781
2/14/2022 16:18:21,776530,Bar,43,50,2.832890014
2/14/2022 16:18:25,776530,Pie,35,33,1.087462841
2/14/2022 16:18:29,776530,L,82,30,5.703903573
2/14/2022 16:18:33,776530,L,51,30,4.400879436
2/14/2022 16:18:53,776530,Pie,57,60,1.64385619
2/14/2022 16:18:57,776530,L,74,30,5.463524373
2/14/2022 16:19:10,776530,Bar,15,13,1.392317423
2/14/2022 16:19:14,776530,S,38,25,3.714245518
2/14/2022 16:19:20,776530,S,6,40,5.092757141
2/14/2022 16:19:24,776530,H,92,90,1.087462841
2/14/2022 16:19:37,776530,L,40,80,5.326429487
2/14/2022 16:19:40,776530,S,30,30,0
2/14/2022 16:19:55,776530,Bar,31,33,1.087462841
2/14/2022 16:20:00,776530,Bar,25,25,0
2/14/2022 16:20:04,776530,S,42,30,3.599912842
2/14/2022 16:20:06,801803,H,71,50,4.400879436
2/14/2022 16:20:23,801803,H,66,75,3.189824559
2/14/2022 16:20:41,801803,S,74,95,4.400879436
2/14/2022 16:20:55,801803,L,89,75,3.820178962
2/14/2022 16:21:06,801803,H,90,60,4.912889336
2/14/2022 16:21:22,801803,Pie,57,50,2.832890014
2/14/2022 16:21:36,11196,Bar,26,30,2.044394119
2/14/2022 16:21:48,11196,H,84,20,6.002815016
2/14/2022 16:22:05,801803,H,56,90,5.092757141
2/14/2022 16:22:06,485502,H,89,60,4.864186145
2/14/2022 16:22:15,801803,Bar,25,33,3.022367813
2/14/2022 16:22:16,485502,Pie,33,33,0
2/14/2022 16:22:22,485502,L,73,90,4.098032083
2/14/2022 16:22:27,485502,S,5,20,3.918863237
2/14/2022 16:22:36,485502,Bar,49,50,0.1699250014
2/14/2022 16:22:40,11196,L,79,90,3.475733431
2/14/2022 16:22:45,485502,Bar,17,20,1.64385619
2/14/2022 16:22:52,485502,H,70,40,4.912889336
2/14/2022 16:22:57,11196,L,31,50,4.257387843
2/14/2022 16:22:58,801803,S,20,60,5.326429487
2/14/2022 16:23:03,11196,Pie,87,90,1.64385619
2/14/2022 16:23:05,485502,Bar,19,20,0.1699250014
2/14/2022 16:23:07,737394,Bar,34,35,0.1699250014
2/14/2022 16:23:08,11196,Bar,81,80,0.1699250014
2/14/2022 16:23:14,11196,H,71,50,4.400879436
2/14/2022 16:23:18,485502,Pie,74,90,4.011227255
2/14/2022 16:23:23,485502,S,69,80,3.475733431
2/14/2022 16:23:25,737394,Pie,21,15,2.614709844
2/14/2022 16:23:30,11196,Pie,99,95,2.044394119
2/14/2022 16:23:31,485502,Bar,73,75,1.087462841
2/14/2022 16:23:31,801803,Bar,57,70,3.714245518
2/14/2022 16:23:35,485502,Bar,22,25,1.64385619
2/14/2022 16:23:36,11196,Bar,47,55,3.022367813
2/14/2022 16:23:37,801803,Bar,55,65,3.339850003
2/14/2022 16:23:38,485502,H,50,40,3.339850003
2/14/2022 16:23:40,737394,Pie,39,33,2.614709844
2/14/2022 16:23:46,801803,S,67,80,3.714245518
2/14/2022 16:23:46,11196,S,4,20,4.011227255
2/14/2022 16:23:51,485502,Pie,75,86,3.475733431
2/14/2022 16:23:51,11196,Bar,62,70,3.022367813
2/14/2022 16:23:57,11196,L,26,60,5.092757141
2/14/2022 16:24:01,485502,Pie,56,70,3.820178962
2/14/2022 16:24:01,11196,Bar,25,15,3.339850003
2/14/2022 16:24:05,11196,L,69,60,3.189824559
2/14/2022 16:24:07,485502,S,88,90,1.087462841
2/14/2022 16:24:09,11196,H,81,100,4.257387843
2/14/2022 16:24:13,485502,L,79,80,0.1699250014
2/14/2022 16:24:13,11196,L,25,70,5.495855027
2/14/2022 16:24:14,801803,H,95,90,2.357552005
2/14/2022 16:24:16,485502,S,73,70,1.64385619
2/14/2022 16:24:21,11196,L,86,50,5.174925683
2/14/2022 16:24:23,485502,Pie,89,99,3.339850003
2/14/2022 16:24:24,737394,Pie,49,50,0.1699250014
2/14/2022 16:24:27,485502,Pie,97,95,1.087462841
2/14/2022 16:24:30,11196,Pie,67,85,4.17990909
2/14/2022 16:24:31,485502,Pie,41,33,3.022367813
2/14/2022 16:24:36,485502,Pie,54,50,2.044394119
2/14/2022 16:24:39,485502,H,80,80,0
2/14/2022 16:24:42,485502,H,87,99,3.599912842
2/14/2022 16:24:43,737394,L,44,30,3.820178962
2/14/2022 16:24:52,485502,Pie,47,40,2.832890014
2/14/2022 16:24:54,801803,L,46,100,5.758223215
2/14/2022 16:25:01,737394,Pie,87,100,3.714245518
2/14/2022 16:25:03,801803,L,18,100,6.35974956
2/14/2022 16:25:29,737394,H,91,30,5.933690655
2/14/2022 16:25:37,801803,Pie,19,17,1.277984747
2/14/2022 16:25:41,737394,Pie,98,100,1.087462841
2/14/2022 16:25:45,737394,L,37,30,2.832890014
2/14/2022 16:25:52,737394,Pie,91,100,3.189824559
2/14/2022 16:26:04,801803,Pie,26,20,2.614709844
2/14/2022 16:26:07,227185,Bar,55,55,0
2/14/2022 16:26:30,737394,Pie,41,40,0.1699250014
2/14/2022 16:26:36,737394,H,94,100,2.614709844
2/14/2022 16:26:47,737394,S,75,100,4.651051691
2/14/2022 16:26:49,801803,S,53,50,1.64385619
2/14/2022 16:26:50,737394,S,73,40,5.049848549
2/14/2022 16:26:57,737394,Bar,32,30,1.087462841
2/14/2022 16:27:01,801803,Bar,60,60,0
2/14/2022 16:27:09,801803,L,52,75,4.531381461
2/14/2022 16:27:28,801803,L,87,20,6.068778278
2/14/2022 16:27:35,801803,Pie,41,50,3.189824559
2/14/2022 16:27:45,801803,L,77,60,4.098032083
2/14/2022 16:27:51,801803,H,92,100,3.022367813
2/14/2022 16:27:53,85599,S,32,15,4.098032083
2/14/2022 16:27:59,801803,S,72,90,4.17990909
2/14/2022 16:28:14,85599,S,87,3,6.394462695
2/14/2022 16:28:43,276326,Pie,86,90,2.044394119
2/14/2022 16:29:10,276326,L,29,15,3.820178962
2/14/2022 16:31:17,661700,Bar,28,38,3.339850003
2/14/2022 16:31:54,661700,Bar,30,33,1.64385619
2/14/2022 16:32:12,661700,L,2,25,4.531381461
2/14/2022 16:32:50,907857,S,68,50,4.17990909
2/14/2022 16:33:16,907857,S,59,40,4.257387843
2/14/2022 16:33:21,907857,S,14,5,3.189824559
2/14/2022 16:33:29,661700,H,17,33,4.011227255
2/14/2022 16:33:41,930662,Bar,51,50,0.1699250014
2/14/2022 16:33:56,661700,H,90,10,6.324180547
2/14/2022 16:34:06,661700,Pie,80,90,3.339850003
2/14/2022 16:34:12,661700,Pie,97,85,3.599912842
2/14/2022 16:34:17,661700,S,3,2,0.1699250014
2/14/2022 16:34:27,661700,S,41,20,4.400879436
2/14/2022 16:34:29,661700,S,47,10,5.214319121
2/14/2022 16:34:54,661700,Pie,53,40,3.714245518
2/14/2022 16:35:22,661700,Pie,87,95,3.022367813
2/14/2022 16:35:29,661700,H,91,100,3.189824559
2/14/2022 16:35:38,227185,L,76,35,5.361943774
2/14/2022 16:35:42,661700,S,80,50,4.912889336
2/14/2022 16:35:48,227185,H,89,15,6.211888295
2/14/2022 16:35:50,661700,L,14,0,3.819157224
2/14/2022 16:35:59,661700,Bar,53,63,3.339850003
2/14/2022 16:36:02,661700,Bar,41,45,2.044394119
2/14/2022 16:36:06,661700,H,4,100,6.586839788
2/14/2022 16:38:39,395033,S,51,80,4.864186145
2/14/2022 16:38:49,395033,S,90,90,0
2/14/2022 16:39:09,395033,L,78,75,1.64385619
2/14/2022 16:39:24,395033,Bar,28,30,1.087462841
2/14/2022 16:39:57,395033,Pie,15,20,2.357552005
2/14/2022 16:40:17,395033,H,4,0,2.040892431
2/14/2022 16:40:31,395033,Bar,54,60,2.614709844
2/14/2022 16:40:44,395033,Pie,34,27,2.832890014
2/14/2022 16:41:04,395033,H,23,25,1.087462841
2/14/2022 16:41:14,395033,Pie,59,60,0.1699250014
2/14/2022 16:41:17,494213,Bar,39,40,0.1699250014
2/14/2022 16:41:22,395033,S,89,80,3.189824559
2/14/2022 16:41:25,494213,Bar,35,35,0
2/14/2022 16:41:31,494213,Bar,45,48,1.64385619
2/14/2022 16:42:00,494213,L,37,10,4.761551232
2/14/2022 16:42:07,395033,H,46,50,2.044394119
2/14/2022 16:42:11,494213,S,81,95,3.820178962
2/14/2022 16:42:18,395033,Bar,53,55,1.087462841
2/14/2022 16:42:28,494213,S,52,75,4.531381461
2/14/2022 16:42:40,494213,H,85,92,2.832890014
2/14/2022 16:43:01,494213,H,16,0,4.010332283
2/14/2022 16:43:03,395033,H,75,71,2.044394119
2/14/2022 16:43:08,494213,H,91,60,4.960001932
2/14/2022 16:43:16,494213,S,60,80,4.330916878
2/14/2022 16:43:26,494213,Bar,41,45,2.044394119
2/14/2022 16:43:35,494213,L,77,50,4.761551232
2/14/2022 16:43:45,494213,L,37,25,3.599912842
2/14/2022 16:43:57,494213,Pie,56,50,2.614709844
2/14/2022 16:44:03,494213,S,66,85,4.257387843
2/14/2022 16:44:08,494213,S,14,40,4.707359132
2/14/2022 16:44:17,494213,H,4,20,4.011227255
2/14/2022 16:44:26,494213,S,6,1,2.357552005
2/14/2022 16:44:31,494213,Bar,70,80,3.339850003
2/14/2022 16:44:32,395033,H,97,10,6.445014846
2/14/2022 16:44:36,494213,H,79,90,3.475733431
2/14/2022 16:44:42,494213,S,56,85,4.864186145
2/14/2022 16:44:43,395033,L,53,66,3.714245518
2/14/2022 16:44:47,494213,S,54,65,3.475733431
2/14/2022 16:44:54,494213,S,84,95,3.475733431
2/14/2022 16:44:58,395033,S,41,75,5.092757141
2/14/2022 16:45:02,494213,Bar,50,51,0.1699250014
2/14/2022 16:45:08,494213,H,53,1,5.703903573
2/14/2022 16:45:09,395033,Pie,50,66,4.011227255
2/14/2022 16:45:15,395033,Bar,43,45,1.087462841
2/14/2022 16:45:32,395033,Pie,25,29,2.044394119
2/14/2022 16:46:20,395033,S,37,60,4.531381461
2/14/2022 16:46:30,395033,Pie,55,66,3.475733431
2/14/2022 16:46:40,395033,Pie,85,95,3.339850003
2/14/2022 16:46:52,395033,Pie,45,45,0
2/14/2022 16:48:22,395033,H,28,43,3.918863237
2/14/2022 16:48:52,532642,L,24,0,4.58044702
2/14/2022 16:49:19,661700,Bar,29,35,2.614709844
2/14/2022 16:49:23,661700,H,91,100,3.189824559
2/14/2022 16:50:30,661700,Pie,40,40,0
2/14/2022 16:50:46,661700,L,75,50,4.651051691
2/14/2022 16:50:57,661700,Pie,70,80,3.339850003
2/14/2022 16:51:24,661700,S,46,20,4.707359132
2/14/2022 16:51:33,661700,Pie,81,90,3.189824559
2/14/2022 16:52:22,725274,H,47,36,3.475733431
2/14/2022 16:52:49,725274,Pie,77,75,1.087462841
2/14/2022 16:53:04,725274,Pie,15,25,3.339850003
2/14/2022 16:53:23,725274,Bar,32,30,1.087462841
2/14/2022 16:53:34,725274,Pie,45,40,2.357552005
2/14/2022 16:54:03,725274,L,0,30,4.912889336
2/14/2022 16:54:12,725274,H,95,90,2.357552005
2/14/2022 16:54:22,725274,S,69,90,4.400879436
2/14/2022 16:54:28,725274,S,25,30,2.357552005
2/14/2022 16:54:35,725274,L,64,20,5.463524373
2/14/2022 16:54:46,725274,S,28,20,3.022367813
2/14/2022 16:54:49,262098,L,71,25,5.527477006
2/14/2022 16:54:52,725274,S,54,40,3.820178962
2/14/2022 16:55:00,725274,L,0,0,0
2/14/2022 16:55:08,725274,L,89,60,4.864186145
2/14/2022 16:55:10,262098,S,3,10,2.832890014
2/14/2022 16:55:19,725274,Bar,31,33,1.087462841
2/14/2022 16:55:24,262098,Bar,21,25,2.044394119
2/14/2022 16:55:26,725274,Bar,32,33,0.1699250014
2/14/2022 16:55:35,262098,L,79,30,5.618385502
2/14/2022 16:55:41,725274,H,93,36,5.836050355
2/14/2022 16:55:44,262098,Pie,47,40,2.832890014
2/14/2022 16:55:49,725274,L,88,20,6.09011242
2/14/2022 16:55:52,262098,Bar,13,16,1.64385619
2/14/2022 16:55:54,725274,H,49,20,4.864186145
2/14/2022 16:56:00,725274,H,68,20,5.588714636
2/14/2022 16:56:01,262098,L,23,20,1.64385619
2/14/2022 16:56:08,262098,Bar,34,35,0.1699250014
2/14/2022 16:56:09,725274,Pie,40,40,0
2/14/2022 16:56:15,725274,Bar,47,45,1.087462841
2/14/2022 16:56:24,725274,Pie,39,40,0.1699250014
2/14/2022 16:56:32,725274,H,59,30,4.864186145
2/14/2022 16:56:32,262098,H,35,15,4.330916878
2/14/2022 16:56:37,725274,H,25,10,3.918863237
2/14/2022 16:56:43,262098,Bar,23,30,2.832890014
2/14/2022 16:56:55,262098,H,46,20,4.707359132
2/14/2022 16:57:06,262098,Bar,14,13,0.1699250014
2/14/2022 16:57:19,262098,Bar,26,22,2.044394119
2/14/2022 16:57:30,262098,L,74,50,4.592457037
2/14/2022 16:57:35,262098,L,78,60,4.17990909
2/14/2022 16:57:42,262098,S,65,75,3.339850003
2/14/2022 16:57:50,262098,S,67,78,3.475733431
2/14/2022 16:58:51,262098,Pie,80,80,0
2/14/2022 17:00:07,262098,Bar,55,60,2.357552005
2/14/2022 17:00:41,262098,S,64,70,2.614709844
2/14/2022 17:00:46,262098,L,10,5,2.357552005
2/14/2022 17:01:18,262098,S,21,20,0.1699250014
2/14/2022 17:01:55,262098,L,71,30,5.361943774
2/14/2022 17:01:58,262098,Bar,57,65,3.022367813
2/14/2022 17:02:03,262098,Pie,49,45,2.044394119
2/14/2022 17:04:23,549066,H,91,30,5.933690655
2/14/2022 17:10:12,313930,Pie,70,60,3.339850003
2/14/2022 17:10:23,313930,H,43,30,3.714245518
2/14/2022 17:11:03,313930,Bar,73,78,2.357552005
2/14/2022 17:11:33,313930,H,78,80,1.087462841
2/14/2022 17:11:49,313930,S,81,95,3.820178962
2/14/2022 17:11:59,313930,L,57,40,4.098032083
2/14/2022 17:12:52,313930,Bar,65,60,2.357552005
2/14/2022 17:14:21,313930,L,8,100,6.525520809
2/14/2022 17:14:44,313930,H,2,90,6.461479447
2/14/2022 17:14:53,313930,S,21,17,2.044394119
2/14/2022 17:14:57,313930,L,84,80,2.044394119
2/14/2022 17:15:01,313930,L,63,80,4.098032083
2/14/2022 17:15:05,313930,Bar,47,50,1.64385619
2/14/2022 17:15:29,313930,Pie,77,60,4.098032083
2/14/2022 17:16:44,313930,L,0,60,5.909893084
2/14/2022 17:17:15,313930,S,41,70,4.864186145
2/14/2022 17:17:20,313930,S,52,70,4.17990909
2/14/2022 17:17:24,313930,H,12,30,4.17990909
2/14/2022 17:18:26,313930,Bar,62,75,3.714245518
2/14/2022 17:18:54,313930,S,89,0,6.477596384
2/14/2022 17:18:58,313930,H,78,90,3.599912842
2/14/2022 17:19:08,313930,Pie,92,100,3.022367813
2/14/2022 17:19:20,313930,H,96,80,4.011227255
2/14/2022 17:19:23,313930,S,32,60,4.813781191
2/14/2022 17:19:27,313930,Bar,18,10,3.022367813
2/14/2022 17:19:58,456762,Bar,19,20,0.1699250014
2/14/2022 17:20:12,456762,L,85,10,6.231221181
2/14/2022 17:28:30,645895,H,18,0,4.179112901
2/14/2022 17:28:45,645895,H,93,45,5.588714636
2/14/2022 17:29:01,645895,Pie,56,56,0
2/14/2022 17:29:14,645895,H,69,34,5.13442632
2/14/2022 17:29:24,645895,Pie,83,85,1.087462841
2/14/2022 17:29:40,645895,S,57,25,5.005624549
2/14/2022 17:29:58,645895,L,86,70,4.011227255
2/14/2022 17:30:14,645895,S,53,80,4.761551232
2/14/2022 17:30:29,645895,S,71,87,4.011227255
2/14/2022 17:30:43,645895,L,74,56,4.17990909
2/14/2022 17:30:54,645895,Pie,19,20,0.1699250014
2/14/2022 17:31:08,645895,Pie,51,66,3.918863237
2/14/2022 17:31:20,645895,Bar,73,75,1.087462841
2/14/2022 17:31:32,645895,L,12,15,1.64385619
2/14/2022 17:31:45,645895,Pie,60,70,3.339850003
2/14/2022 17:31:58,645895,Bar,46,45,0.1699250014
2/14/2022 17:32:05,645895,Pie,44,50,2.614709844
2/14/2022 17:32:12,645895,Bar,43,40,1.64385619
2/14/2022 17:32:25,645895,H,26,5,4.400879436
2/14/2022 17:32:31,645895,L,70,95,4.651051691
2/14/2022 17:32:37,645895,Pie,81,98,4.098032083
2/14/2022 17:32:42,645895,S,80,98,4.17990909
2/14/2022 17:32:49,645895,Bar,55,59,2.044394119
2/14/2022 17:32:58,645895,Bar,18,20,1.087462841
2/14/2022 17:33:03,645895,L,27,20,2.832890014
2/14/2022 18:03:43,645760,Bar,29,33,2.044394119
2/14/2022 18:03:52,645760,Bar,57,60,1.64385619
2/14/2022 18:04:09,645760,Pie,20,20,0
2/14/2022 18:04:20,645760,Bar,18,13,2.491853096
2/14/2022 18:04:27,645760,Bar,51,50,0.1699250014
2/14/2022 18:04:35,645760,L,21,50,4.864186145
2/14/2022 18:04:53,645760,H,28,0,4.813268142
2/14/2022 18:04:57,645760,H,26,0,4.706806799
2/14/2022 18:05:08,645760,H,0,95,6.571752644
2/14/2022 18:05:17,645760,Bar,78,85,2.832890014
2/14/2022 18:05:25,645760,Bar,25,25,0
2/14/2022 18:05:28,645760,Bar,15,15,0
2/14/2022 18:05:36,645760,H,65,20,5.495855027
2/14/2022 18:05:47,645760,Bar,70,70,0
2/14/2022 18:05:54,645760,H,95,75,4.330916878
2/14/2022 18:06:09,645760,Pie,69,70,0.1699250014
2/14/2022 18:06:15,645760,Pie,47,50,1.64385619
2/14/2022 18:06:30,645760,L,76,100,4.592457037
2/14/2022 18:06:48,645760,Bar,55,55,0
2/14/2022 18:07:07,645760,L,68,25,5.430452552
2/14/2022 18:07:27,645760,H,94,25,6.11113567
2/14/2022 18:07:36,645760,H,15,0,3.917909074
2/14/2022 18:07:40,645760,L,69,40,4.864186145
2/14/2022 18:07:45,645760,H,56,20,5.174925683
2/14/2022 18:07:55,645760,Pie,58,70,3.599912842
2/14/2022 18:15:05,776727,L,12,10,1.087462841
2/14/2022 18:15:13,776727,H,96,80,4.011227255
2/14/2022 18:15:32,776727,Bar,75,75,0
2/14/2022 18:15:43,556655,S,82,80,1.087462841
2/14/2022 18:15:45,776727,S,11,50,5.290018847
2/14/2022 18:15:59,776727,L,44,20,4.592457037
2/14/2022 18:16:23,556655,H,64,40,4.592457037
2/14/2022 18:16:23,776727,Pie,21,20,0.1699250014
2/14/2022 18:16:38,776727,Pie,47,60,3.714245518
2/14/2022 18:16:50,776727,S,55,100,5.495855027
2/14/2022 18:16:57,776727,L,72,80,3.022367813
2/14/2022 18:17:18,776727,H,74,20,5.758223215
2/14/2022 18:17:31,776727,Pie,52,40,3.599912842
2/14/2022 18:17:37,776727,S,59,90,4.960001932
2/14/2022 18:17:43,165793,Bar,19,15,2.044394119
2/14/2022 18:17:45,776727,H,96,90,2.614709844
2/14/2022 18:17:52,165793,Pie,34,50,4.011227255
2/14/2022 18:17:54,776727,Pie,81,100,4.257387843
2/14/2022 18:17:58,601938,Bar,12,15,1.64385619
2/14/2022 18:18:06,601938,S,79,90,3.475733431
2/14/2022 18:18:12,776727,S,48,80,5.005624549
2/14/2022 18:18:24,776727,Bar,45,40,2.357552005
2/14/2022 18:18:29,776727,S,72,100,4.813781191
2/14/2022 18:18:37,601938,S,37,10,4.761551232
2/14/2022 18:18:47,776727,H,95,60,5.13442632
2/14/2022 18:18:49,601938,H,64,5,5.885696373
2/14/2022 18:19:00,601938,Pie,54,50,2.044394119
2/14/2022 18:19:01,776727,Pie,39,50,3.475733431
2/14/2022 18:19:10,776727,H,53,60,2.832890014
2/14/2022 18:19:12,165793,H,71,50,4.400879436
2/14/2022 18:19:16,601938,L,16,20,2.044394119
2/14/2022 18:19:17,776727,S,70,80,3.339850003
2/14/2022 18:19:19,165793,Bar,37,40,1.64385619
2/14/2022 18:19:25,776727,Bar,26,25,0.1699250014
2/14/2022 18:19:28,165793,Pie,22,15,2.832890014
2/14/2022 18:19:31,601938,Pie,21,15,2.614709844
2/14/2022 18:19:34,165793,Pie,34,25,3.189824559
2/14/2022 18:19:37,776727,H,41,10,4.960001932
2/14/2022 18:19:41,601938,S,81,80,0.1699250014
2/14/2022 18:20:24,776727,Pie,86,80,2.614709844
2/14/2022 18:20:28,165793,H,71,50,4.400879436
2/14/2022 18:20:31,165793,S,77,10,6.068778278
2/14/2022 18:20:35,776727,Pie,62,50,3.599912842
2/14/2022 18:20:39,601938,Bar,78,80,1.087462841
2/14/2022 18:20:51,601938,L,84,60,4.592457037
2/14/2022 18:20:53,165793,Pie,92,90,1.087462841
2/14/2022 18:21:01,165793,Bar,45,45,0
2/14/2022 18:21:04,601938,Bar,25,25,0
2/14/2022 18:21:04,165793,L,59,50,3.189824559
2/14/2022 18:21:07,165793,L,48,20,4.813781191
2/14/2022 18:21:20,601938,L,34,50,4.011227255
2/14/2022 18:21:21,165793,S,12,25,3.714245518
2/14/2022 18:21:24,165793,Bar,10,10,0
2/14/2022 18:21:27,601938,Bar,60,60,0
2/14/2022 18:21:31,165793,S,76,5,6.152284842
2/14/2022 18:21:33,601938,Bar,21,25,2.044394119
2/14/2022 18:21:37,165793,Bar,28,25,1.64385619
2/14/2022 18:21:40,601938,H,97,95,1.087462841
2/14/2022 18:21:45,601938,Bar,29,30,0.1699250014
2/14/2022 18:21:49,601938,S,86,90,2.044394119
2/14/2022 18:21:54,165793,S,73,95,4.46760555
2/14/2022 18:21:56,601938,S,85,90,2.357552005
2/14/2022 18:21:57,165793,S,22,50,4.813781191
2/14/2022 18:22:04,601938,Pie,86,99,3.714245518
2/14/2022 18:22:10,601938,L,54,50,2.044394119
2/14/2022 18:22:10,165793,Pie,19,20,0.1699250014
2/14/2022 18:22:15,601938,H,94,80,3.820178962
2/14/2022 18:22:17,165793,Bar,36,30,2.614709844
2/14/2022 18:22:20,601938,L,60,40,4.330916878
2/14/2022 18:22:24,165793,Pie,30,25,2.357552005
2/14/2022 18:22:30,601938,L,73,40,5.049848549
2/14/2022 18:22:34,165793,S,84,80,2.044394119
2/14/2022 18:22:34,601938,Pie,94,100,2.614709844
2/14/2022 18:22:38,165793,H,94,90,2.044394119
2/14/2022 18:22:52,601938,Pie,65,75,3.339850003
2/14/2022 18:22:56,165793,H,18,5,3.714245518
2/14/2022 18:23:04,165793,H,93,50,5.430452552
2/14/2022 18:28:09,176721,L,34,5,4.864186145
2/14/2022 18:40:44,723925,S,19,78,5.885696373
2/14/2022 18:41:00,723925,S,74,50,4.592457037
2/14/2022 18:42:31,723925,Bar,57,59,1.087462841
2/14/2022 18:42:59,723925,Bar,81,82,0.1699250014
2/14/2022 18:43:22,723925,Pie,90,95,2.357552005
2/14/2022 18:43:30,723925,S,78,20,5.861086906
2/14/2022 18:43:42,723925,H,0,10,3.339850003
2/14/2022 18:43:50,723925,L,87,40,5.558420713
2/14/2022 18:44:01,723925,H,53,75,4.46760555
2/14/2022 18:44:11,723925,S,89,18,6.152284842
2/14/2022 18:45:30,723925,Bar,47,50,1.64385619
2/14/2022 18:45:36,723925,Bar,14,15,0.1699250014
2/14/2022 18:45:42,723925,Pie,73,70,1.64385619
2/14/2022 18:45:46,723925,L,50,95,5.495855027
2/14/2022 18:45:51,723925,H,94,20,6.211888295
2/14/2022 18:45:57,723925,S,87,10,6.269126679
2/14/2022 18:46:52,723925,Pie,96,99,1.64385619
2/14/2022 18:47:14,723925,Pie,74,80,2.614709844
2/14/2022 18:47:20,723925,H,68,78,3.339850003
2/14/2022 18:47:26,723925,H,47,78,4.960001932
2/14/2022 18:47:39,723925,Pie,11,9,1.087462841
2/14/2022 18:47:48,723925,S,65,50,3.918863237
2/14/2022 18:47:54,723925,Pie,80,85,2.357552005
2/14/2022 18:48:03,723925,L,16,84,6.09011242
2/14/2022 18:48:10,723925,L,23,85,5.957102042
2/14/2022 18:56:30,674347,Pie,60,50,3.339850003
2/14/2022 19:05:51,378146,H,78,30,5.588714636
2/14/2022 19:06:02,378146,S,50,60,3.339850003
2/14/2022 19:06:48,378146,Bar,29,35,2.614709844
2/14/2022 19:10:57,685866,S,26,15,3.475733431
2/14/2022 19:11:07,685866,S,31,50,4.257387843
2/14/2022 19:19:19,306069,L,61,30,4.960001932
2/14/2022 19:19:29,306069,Pie,15,7,3.022367813
2/14/2022 19:19:35,306069,H,90,70,4.330916878
2/14/2022 19:19:43,306069,S,68,70,1.087462841
2/14/2022 19:19:55,306069,Bar,54,58,2.044394119
2/14/2022 19:20:09,306069,H,72,50,4.46760555
2/14/2022 19:20:19,306069,H,66,68,1.087462841
2/14/2022 19:20:31,306069,Bar,78,82,2.044394119
2/14/2022 19:20:40,306069,Pie,76,87,3.475733431
2/14/2022 19:20:55,306069,H,96,95,0.1699250014
2/14/2022 19:21:11,306069,Pie,37,26,3.475733431
2/14/2022 19:21:21,306069,Pie,94,98,2.044394119
2/14/2022 19:21:26,306069,Bar,52,50,1.087462841
2/14/2022 19:21:30,306069,L,69,50,4.257387843
2/14/2022 19:21:34,306069,Bar,55,50,2.357552005
2/14/2022 19:21:44,306069,Pie,62,60,1.087462841
2/14/2022 19:21:52,306069,L,73,80,2.832890014
2/14/2022 19:22:01,306069,S,31,30,0.1699250014
2/14/2022 19:22:12,306069,H,61,60,0.1699250014
2/14/2022 19:22:16,306069,L,70,70,0
2/14/2022 19:22:30,306069,Bar,62,70,3.022367813
2/14/2022 19:22:38,306069,S,70,95,4.651051691
2/14/2022 19:22:52,306069,Bar,29,27,1.087462841
2/14/2022 19:22:59,306069,S,77,95,4.17990909
2/14/2022 19:23:14,306069,L,74,50,4.592457037
2/14/2022 19:23:20,508599,L,88,90,1.087462841
2/14/2022 19:23:28,508599,Bar,32,33,0.5109619193
2/14/2022 19:23:35,508599,H,42,20,4.46760555
2/14/2022 19:23:48,508599,L,77,40,5.214319121
2/14/2022 19:23:55,508599,S,80,90,3.339850003
2/14/2022 19:24:09,508599,H,22,60,5.252665432
2/14/2022 19:24:14,508599,Bar,25,20,2.357552005
2/14/2022 19:24:22,508599,H,18,20,1.087462841
2/14/2022 19:24:38,508599,Bar,23,23,0
2/14/2022 19:24:44,508599,Bar,32,35,1.64385619
2/14/2022 19:24:51,508599,L,66,65,0.1699250014
2/14/2022 19:25:01,508599,S,85,90,2.357552005
2/14/2022 19:25:11,508599,Bar,12,7,2.357552005
2/14/2022 19:25:18,508599,Bar,55,65,3.339850003
2/14/2022 19:25:22,508599,Bar,78,85,2.832890014
2/14/2022 19:25:25,508599,Bar,81,90,3.189824559
2/14/2022 19:25:35,508599,L,24,12,3.599912842
2/14/2022 19:25:43,508599,S,72,40,5.005624549
2/14/2022 19:25:49,508599,S,80,85,2.357552005
2/14/2022 19:25:55,508599,L,65,80,3.918863237
2/14/2022 19:26:08,508599,L,2,65,5.980139578
2/14/2022 19:26:25,508599,S,87,60,4.761551232
2/14/2022 19:26:28,508599,L,83,90,2.832890014
2/14/2022 19:26:35,508599,Bar,36,30,2.614709844
2/14/2022 19:26:38,508599,S,77,90,3.714245518
2/14/2022 19:27:02,982017,H,4,6,1.087462841
2/14/2022 19:27:14,982017,S,40,30,3.339850003
2/14/2022 19:27:18,982017,S,45,60,3.918863237
2/14/2022 19:27:23,982017,L,82,85,1.64385619
2/14/2022 19:27:28,982017,H,96,90,2.614709844
2/14/2022 19:27:32,982017,S,88,90,1.087462841
2/14/2022 19:27:38,982017,Bar,22,18,2.044394119
2/14/2022 19:27:54,982017,L,14,15,0.1699250014
2/14/2022 19:28:07,982017,Bar,60,67,2.832890014
2/14/2022 19:28:12,982017,Bar,39,42,1.64385619
2/14/2022 19:28:19,982017,H,67,30,5.214319121
2/14/2022 19:28:36,982017,L,36,20,4.011227255
2/14/2022 19:28:40,982017,S,37,50,3.714245518
2/14/2022 19:28:45,982017,L,86,90,2.044394119
2/14/2022 19:28:48,982017,S,81,80,0.1699250014
2/14/2022 19:28:53,982017,L,74,80,2.614709844
2/14/2022 19:29:04,982017,Bar,15,18,1.64385619
2/14/2022 19:29:11,982017,Pie,77,80,1.64385619
2/14/2022 19:29:15,982017,Bar,39,40,0.1699250014
2/14/2022 19:29:20,982017,Pie,73,72,0.1699250014
2/14/2022 19:29:31,982017,H,77,80,1.64385619
2/14/2022 19:29:47,982017,Pie,69,65,2.044394119
2/14/2022 19:29:53,982017,L,30,14,4.011227255
2/14/2022 19:29:58,982017,Bar,47,48,0.1699250014
2/14/2022 19:30:05,982017,L,62,69,2.832890014
2/14/2022 19:30:14,709875,L,29,50,4.400879436
2/14/2022 19:30:20,709875,S,44,70,4.707359132
2/14/2022 19:30:24,709875,H,59,90,4.960001932
2/14/2022 19:30:31,709875,Pie,62,58,2.044394119
2/14/2022 19:30:37,709875,L,66,70,2.044394119
2/14/2022 19:30:50,709875,Bar,15,22,2.832890014
2/14/2022 19:30:59,709875,L,30,20,3.339850003
2/14/2022 19:31:08,709875,Pie,96,95,0.1699250014
2/14/2022 19:31:17,709875,H,4,10,2.614709844
2/14/2022 19:31:25,709875,S,74,90,4.011227255
2/14/2022 19:31:38,709875,Bar,61,70,3.189824559
2/14/2022 19:31:46,709875,H,91,90,0.1699250014
2/14/2022 19:31:54,709875,Bar,45,47,1.087462841
2/14/2022 19:32:04,709875,H,79,80,0.1699250014
2/14/2022 19:32:12,709875,Pie,77,80,1.64385619
2/14/2022 19:32:18,709875,H,64,90,4.707359132
2/14/2022 19:32:26,709875,L,60,50,3.339850003
2/14/2022 19:32:35,709875,Pie,26,20,2.614709844
2/14/2022 19:32:46,709875,H,75,76,0.1699250014
2/14/2022 19:33:07,709875,Bar,12,12,0
2/14/2022 19:33:16,709875,S,7,4,1.64385619
2/14/2022 19:33:22,709875,Bar,23,25,1.087462841
2/14/2022 19:33:32,709875,L,7,10,1.64385619
2/14/2022 19:33:50,709875,S,5,60,5.784634846
2/14/2022 19:33:57,709875,S,46,40,2.614709844
2/14/2022 19:34:04,337434,S,81,90,3.189824559
2/14/2022 19:34:11,337434,Bar,45,45,0
2/14/2022 19:34:20,337434,H,91,85,2.614709844
2/14/2022 19:34:25,337434,H,87,86,0.1699250014
2/14/2022 19:34:34,337434,S,38,60,4.46760555
2/14/2022 19:34:40,337434,H,95,95,0
2/14/2022 19:34:48,337434,H,91,90,0.1699250014
2/14/2022 19:34:53,337434,H,95,95,0
2/14/2022 19:35:12,337434,Pie,69,75,2.614709844
2/14/2022 19:35:28,337434,Pie,62,60,1.087462841
2/14/2022 19:35:33,337434,S,67,85,4.17990909
2/14/2022 19:35:39,337434,Bar,77,84,2.832890014
2/14/2022 19:35:48,337434,S,5,30,4.651051691
2/14/2022 19:35:57,337434,H,59,70,3.475733431
2/14/2022 19:36:08,337434,Pie,42,50,3.022367813
2/14/2022 19:36:13,337434,S,66,90,4.592457037
2/14/2022 19:36:18,337434,Pie,88,85,1.64385619
2/14/2022 19:36:44,337434,H,12,30,4.17990909
2/14/2022 19:36:52,337434,H,55,20,5.13442632
2/14/2022 19:36:58,337434,H,82,90,3.022367813
2/14/2022 19:37:06,337434,S,0,30,4.912889336
2/14/2022 19:37:25,337434,H,87,85,1.087462841
2/14/2022 19:37:29,337434,L,86,95,3.189824559
2/14/2022 19:37:37,337434,H,70,70,0
2/14/2022 19:37:41,337434,L,76,90,3.820178962
2/14/2022 19:37:49,602774,L,90,90,0
2/14/2022 19:37:57,602774,Bar,10,18,3.022367813
2/14/2022 19:38:10,602774,L,47,30,4.098032083
2/14/2022 19:38:13,602774,L,85,80,2.357552005
2/14/2022 19:38:16,602774,S,15,4,3.475733431
2/14/2022 19:38:24,602774,H,80,90,3.339850003
2/14/2022 19:38:31,602774,H,52,40,3.599912842
2/14/2022 19:38:34,602774,Bar,34,33,0.1699250014
2/14/2022 19:38:37,602774,L,86,90,2.044394119
2/14/2022 19:38:54,602774,Pie,28,22,2.614709844
2/14/2022 19:39:00,602774,Bar,55,55,0
2/14/2022 19:39:05,602774,L,79,78,0.1699250014
2/14/2022 19:39:12,602774,Pie,35,25,3.339850003
2/14/2022 19:39:22,602774,L,90,86,2.044394119
2/14/2022 19:39:30,602774,Bar,11,10,0.1699250014
2/14/2022 19:39:35,602774,Pie,87,90,1.64385619
2/14/2022 19:39:42,602774,Pie,29,20,3.189824559
2/14/2022 19:40:20,602774,S,65,60,2.357552005
2/14/2022 19:40:23,602774,Bar,29,25,2.044394119
2/14/2022 19:40:26,602774,Bar,23,20,1.64385619
2/14/2022 19:40:30,602774,Bar,20,18,1.087462841
2/14/2022 19:40:34,602774,Bar,45,45,0
2/14/2022 19:40:39,602774,L,47,10,5.214319121
2/14/2022 19:40:44,602774,H,45,27,4.17990909
2/14/2022 19:40:47,602774,Pie,91,90,0.1699250014
2/14/2022 19:41:43,282758,H,84,90,2.614709844
2/14/2022 19:41:46,282758,L,89,90,0.1699250014
2/14/2022 19:41:55,282758,H,0,4,2.044394119
2/14/2022 19:42:14,282758,S,24,10,3.820178962
2/14/2022 19:42:25,282758,Pie,41,25,4.011227255
2/14/2022 19:42:28,282758,Pie,57,33,4.592457037
2/14/2022 19:42:34,282758,H,33,50,4.098032083
2/14/2022 19:42:39,282758,L,29,70,5.361943774
2/14/2022 19:42:42,282758,L,86,90,2.044394119
2/14/2022 19:42:45,282758,S,82,90,3.022367813
2/14/2022 19:42:49,282758,H,87,90,1.64385619
2/14/2022 19:42:58,282758,Bar,34,40,2.614709844
2/14/2022 19:43:05,282758,Pie,78,74,2.044394119
2/14/2022 19:43:12,282758,Bar,18,16,1.087462841
2/14/2022 19:43:18,282758,Bar,47,48,0.1699250014
2/14/2022 19:43:26,282758,H,60,70,3.339850003
2/14/2022 19:43:29,282758,Bar,39,40,0.1699250014
2/14/2022 19:43:34,282758,S,22,10,3.599912842
2/14/2022 19:43:37,282758,Pie,81,85,2.044394119
2/14/2022 19:43:47,282758,L,2,4,1.087462841
2/14/2022 19:44:13,282758,S,30,40,3.339850003
2/14/2022 19:44:21,282758,Bar,30,25,2.357552005
2/14/2022 19:44:23,282758,L,89,90,0.1699250014
2/14/2022 19:44:31,282758,Bar,78,88,3.339850003
2/14/2022 19:44:34,282758,H,87,90,1.64385619
2/14/2022 19:44:46,192464,H,58,20,5.252665432
2/14/2022 19:45:02,192464,S,68,75,2.832890014
2/14/2022 19:45:07,595220,S,57,80,4.531381461
2/14/2022 19:45:09,595220,S,42,90,5.588714636
2/14/2022 19:45:16,431310,S,77,90,3.714245518
2/14/2022 19:45:19,431310,H,86,90,2.044394119
2/14/2022 19:45:43,879762,L,49,50,0.1699250014
2/14/2022 19:45:52,605481,S,68,70,1.087462841
2/14/2022 19:45:58,605481,Pie,78,80,1.087462841
2/14/2022 19:46:01,605481,Bar,45,45,0
2/14/2022 19:46:07,605481,S,55,70,3.918863237
2/14/2022 19:46:10,605481,H,67,90,4.531381461
2/14/2022 19:46:17,605481,Bar,65,80,3.918863237
2/14/2022 19:46:20,605481,Bar,73,85,3.599912842
2/14/2022 19:46:23,605481,Pie,38,33,2.357552005
2/14/2022 19:46:28,605481,Pie,41,25,4.011227255
2/14/2022 19:46:32,605481,S,46,70,4.592457037
2/14/2022 19:46:50,330852,L,66,70,2.044394119
2/14/2022 19:47:00,846867,H,82,72,3.339850003
2/14/2022 19:47:13,145072,L,82,90,3.022367813
2/14/2022 19:47:24,145072,H,69,65,2.044394119
2/14/2022 19:47:29,145072,Pie,84,78,2.614709844
2/14/2022 19:47:32,145072,S,64,90,4.707359132
2/14/2022 19:47:39,145072,H,42,83,5.361943774
2/14/2022 19:47:44,145072,H,64,82,4.17990909
2/14/2022 19:48:07,415061,S,52,62,3.339850003
2/14/2022 19:48:15,205083,L,69,74,2.357552005
2/14/2022 19:48:21,369931,L,19,4,3.918863237
2/14/2022 19:48:26,369931,H,68,68,0
2/14/2022 19:48:30,369931,L,80,92,3.599912842
2/14/2022 19:48:33,369931,S,82,91,3.189824559
2/14/2022 19:48:37,369931,L,7,2,2.357552005
2/14/2022 19:49:00,529842,H,40,30,3.339850003
2/14/2022 19:49:08,588256,L,62,60,1.087462841
2/14/2022 19:49:13,158053,L,10,15,2.357552005
2/14/2022 19:49:18,158053,L,73,83,3.339850003
2/14/2022 19:49:22,158053,H,88,90,1.087462841
2/14/2022 19:49:26,158053,S,86,87,0.1699250014
2/14/2022 19:49:34,220649,H,86,88,1.087462841
2/14/2022 19:49:39,220649,H,28,36,3.022367813
2/14/2022 19:49:47,875384,S,44,67,4.531381461
2/14/2022 19:49:53,401435,S,63,69,2.614709844
2/14/2022 19:50:04,294303,S,54,42,3.599912842
2/14/2022 19:50:12,294303,H,25,14,3.475733431
2/14/2022 19:50:18,294303,H,71,73,1.087462841
2/14/2022 19:51:14,290723,L,39,20,4.257387843
2/14/2022 19:51:18,290723,L,17,12,2.357552005
2/14/2022 19:51:23,290723,S,5,80,6.231221181
2/14/2022 19:51:29,290723,S,67,45,4.46760555
2/14/2022 19:51:36,290723,H,93,99,2.614709844
2/14/2022 19:51:47,488275,L,84,90,2.614709844
2/14/2022 19:51:51,488275,L,87,92,2.357552005
2/14/2022 19:51:57,488275,S,89,100,3.475733431
2/14/2022 19:52:02,488275,Bar,57,55,1.087462841
2/14/2022 19:52:08,488275,S,33,96,5.980139578
2/14/2022 19:52:24,488275,H,60,30,4.912889336
2/14/2022 19:52:33,488275,Pie,17,14,1.64385619
2/14/2022 19:52:39,488275,H,80,86,2.614709844
2/14/2022 19:52:44,488275,L,71,82,3.475733431
2/14/2022 19:52:49,488275,S,61,43,4.17990909
2/14/2022 19:52:55,488275,L,73,96,4.531381461
2/14/2022 19:53:03,488275,S,1,32,4.960001932
2/14/2022 19:53:07,488275,S,72,75,1.64385619
2/14/2022 19:53:12,488275,Pie,87,85,1.087462841
2/14/2022 19:53:18,488275,S,60,100,5.326429487
2/14/2022 19:53:21,488275,S,80,100,4.330916878
2/14/2022 19:53:30,488275,L,55,50,2.357552005
2/14/2022 19:53:36,488275,Bar,22,16,2.614709844
2/14/2022 19:53:42,488275,S,83,80,1.64385619
2/14/2022 19:53:47,488275,Pie,55,65,3.339850003
2/14/2022 19:53:57,488275,H,89,90,0.1699250014
2/14/2022 19:54:05,488275,Pie,89,93,2.044394119
2/14/2022 19:54:29,488275,Pie,46,50,2.044394119
2/14/2022 19:54:33,488275,L,4,2,1.087462841
2/14/2022 19:54:36,488275,S,64,80,4.011227255