UserID,TrialNumber,Chart,Actual,Response,Accuracy
GCYo2p,1,radial_bar_chart,26.26262626,25,0.4726190509
GCYo2p,2,pie_chart,27.63157895,25,1.46287892
GCYo2p,3,radial_bar_chart,80.48780488,85,2.213252433
GCYo2p,4,radial_bar_chart,37.17948718,33,2.105841371
GCYo2p,5,radial_bar_chart,55.05617978,60,2.341649997
GCYo2p,6,pie_chart,66.03773585,90,4.590198635
GCYo2p,7,pie_chart,84.61538462,95,3.393637968
GCYo2p,8,radial_bar_chart,37.5,40,1.392317423
GCYo2p,9,pie_chart,58.10810811,70,3.586991893
GCYo2p,10,bar_chart,38.0952381,33,2.38411561
GCYo2p,11,bar_chart,15.2173913,10,2.41748565
GCYo2p,12,bar_chart,28.57142857,25,1.886132035
GCYo2p,13,bar_chart,90.90909091,95,2.075843758
GCYo2p,14,radial_bar_chart,40.84507042,20,4.390259801
GCYo2p,15,bar_chart,41.37931034,42,-0.4233527675
GCYo2p,16,radial_bar_chart,52.43902439,50,1.358409986
GCYo2p,17,radial_bar_chart,87.71929825,90,1.266457796
GCYo2p,18,pie_chart,48.14814815,50,0.9832047575
GCYo2p,19,pie_chart,87.5,80,2.930737338
GCYo2p,20,radial_bar_chart,33.33333333,45,3.559695742
GCYo2p,21,radial_bar_chart,96.77419355,90,2.786427734
GCYo2p,22,radial_bar_chart,17.5,20,1.392317423
GCYo2p,23,pie_chart,78.49462366,85,2.729090761
GCYo2p,24,radial_bar_chart,49.33333333,70,4.377933505
GCYo2p,25,radial_bar_chart,82.10526316,90,3.003554897
GCYo2p,26,radial_bar_chart,22.85714286,40,4.110017157
GCYo2p,27,pie_chart,22.91666667,25,1.142957954
GCYo2p,28,pie_chart,68.62745098,90,4.426100279
GCYo2p,29,bar_chart,75,85,3.339850003
GCYo2p,30,pie_chart,41.83673469,45,1.717326704
GCYo2p,31,pie_chart,61.53846154,70,3.102076647
GCYo2p,32,pie_chart,49.48453608,60,3.411489148
GCYo2p,33,bar_chart,83.90804598,85,0.2832746635
GCYo2p,34,pie_chart,77.77777778,90,3.626114607
GCYo2p,35,pie_chart,64.47368421,75,3.412959757
GCYo2p,36,bar_chart,87.17948718,95,2.990140337
GCYo2p,37,radial_bar_chart,56.25,55,0.4594316186
GCYo2p,38,pie_chart,46,55,3.189824559
GCYo2p,39,bar_chart,21.59090909,20,0.7789731207
GCYo2p,40,radial_bar_chart,93.75,90,1.95419631
GCYo2p,41,bar_chart,66.66666667,70,1.790076931
GCYo2p,42,pie_chart,15.58441558,10,2.513343079
GCYo2p,43,bar_chart,42.1875,40,1.209453366
GCYo2p,44,bar_chart,60.52631579,70,3.262836654
GCYo2p,45,bar_chart,91.01123596,90,0.1842624615
GCYo2p,46,pie_chart,66.66666667,70,1.790076931
GCYo2p,47,bar_chart,44.7761194,40,2.293111295
GCYo2p,48,radial_bar_chart,53.08641975,55,1.027564748
GCYo2p,49,pie_chart,22.82608696,15,2.991152098
GCYo2p,50,bar_chart,57.5,65,2.930737338
GCYo2p,51,bar_chart,26.19047619,15,3.500225394
GCYo2p,52,radial_bar_chart,92.13483146,90,1.17621518
GCYo2p,53,bar_chart,81.63265306,85,1.804196887
GCYo2p,54,bar_chart,28.94736842,27,1.051280505
GCYo2p,55,pie_chart,94.73684211,95,-1.365284464
GCYo2p,56,bar_chart,64.81481481,70,2.408762174
GCYo2p,57,radial_bar_chart,28.40909091,33,2.237535908
GCYo2p,58,bar_chart,64.86486486,65,-1.942666825
GCYo2p,59,radial_bar_chart,51.57894737,45,2.745010823
GCYo2p,60,pie_chart,65.78947368,70,2.116207142
u3KgWI,1,bar_chart,51.66666667,60,3.080373416
u3KgWI,2,radial_bar_chart,78.125,44,5.098032083
u3KgWI,3,bar_chart,43.05555556,45,1.049243519
u3KgWI,4,radial_bar_chart,71.42857143,30,5.376900573
u3KgWI,5,radial_bar_chart,98.7804878,45,5.752360248
u3KgWI,6,pie_chart,39.79591837,43,1.735124247
u3KgWI,7,bar_chart,91.66666667,90,0.841302254
u3KgWI,8,radial_bar_chart,87.27272727,79,3.069998936
u3KgWI,9,bar_chart,36.36363636,33,1.802663227
u3KgWI,10,bar_chart,69.23076923,77,2.980798694
u3KgWI,11,pie_chart,73.01587302,67,2.618443771
u3KgWI,12,pie_chart,78.94736842,80,0.2358882638
u3KgWI,13,radial_bar_chart,40,45,2.357552005
u3KgWI,14,bar_chart,94.93670886,90,2.339624529
u3KgWI,15,pie_chart,30.64516129,22,3.132603375
u3KgWI,16,pie_chart,25.92592593,15,3.466095349
u3KgWI,17,pie_chart,12.5,9,1.857980995
u3KgWI,18,bar_chart,66.1971831,72,2.567500886
u3KgWI,19,pie_chart,94.44444444,95,-0.5552151573
u3KgWI,20,radial_bar_chart,28.26086957,47,4.237573694
u3KgWI,21,radial_bar_chart,61.84210526,33,4.856343615
u3KgWI,22,pie_chart,56.75675676,63,2.670895443
u3KgWI,23,pie_chart,44.06779661,38,2.630591064
u3KgWI,24,bar_chart,75.67567568,81,2.446077358
u3KgWI,25,radial_bar_chart,71.42857143,26,5.509492262
u3KgWI,26,bar_chart,56.41025641,68,3.550253472
u3KgWI,27,bar_chart,20,23,1.64385619
u3KgWI,28,radial_bar_chart,16.04938272,53,5.212398808
u3KgWI,29,bar_chart,90.90909091,78,3.704218057
u3KgWI,30,radial_bar_chart,66.26506024,55,3.509703472
u3KgWI,31,bar_chart,58.5106383,70,3.537837964
u3KgWI,32,radial_bar_chart,29.62962963,27,1.461858356
u3KgWI,33,pie_chart,94.28571429,92,1.269460675
u3KgWI,34,pie_chart,70.93023256,76,2.377059164
u3KgWI,35,radial_bar_chart,87.71929825,85,1.50807275
u3KgWI,36,pie_chart,26.08695652,25,0.2773379439
u3KgWI,37,pie_chart,51.35135135,45,2.695181256
u3KgWI,38,radial_bar_chart,69.47368421,18,5.689262372
u3KgWI,39,radial_bar_chart,77.77777778,28,5.641048219
u3KgWI,40,radial_bar_chart,93.33333333,41,5.713100067
u3KgWI,41,pie_chart,66.66666667,70,1.790076931
u3KgWI,42,bar_chart,16.04938272,17,0.105164843
u3KgWI,43,radial_bar_chart,41.37931034,37,2.171306232
u3KgWI,44,pie_chart,18.98734177,18,0.1536001309
u3KgWI,45,pie_chart,100,88,3.599912842
u3KgWI,46,bar_chart,7.352941176,17,3.288662548
u3KgWI,47,radial_bar_chart,87.36842105,39,5.59971713
u3KgWI,48,radial_bar_chart,20.45454545,33,3.663396376
u3KgWI,49,bar_chart,80,80,-3
u3KgWI,50,pie_chart,12.34567901,15,1.474732463
u3KgWI,51,pie_chart,75,80,2.357552005
u3KgWI,52,bar_chart,61.2244898,67,2.560839707
u3KgWI,53,bar_chart,35.29411765,25,3.381161202
u3KgWI,54,bar_chart,27.27272727,24,1.764570056
u3KgWI,55,radial_bar_chart,65,60,2.357552005
u3KgWI,56,bar_chart,55.78947368,62,2.663464474
u3KgWI,57,pie_chart,83.11688312,88,2.324268233
u3KgWI,58,radial_bar_chart,16.43835616,13,1.833236691
u3KgWI,59,bar_chart,24.63768116,22,1.466069071
u3KgWI,60,pie_chart,38.46153846,33,2.481954635
NPA4U3,1,radial_bar_chart,52.63157895,40,3.673169575
NPA4U3,2,bar_chart,25,25,-3
NPA4U3,3,pie_chart,21.91780822,12,3.328090834
NPA4U3,4,radial_bar_chart,34.17721519,33,0.3809678722
NPA4U3,5,pie_chart,20,10,3.339850003
NPA4U3,6,pie_chart,96,90,2.614709844
NPA4U3,7,pie_chart,63.63636364,70,2.697915317
NPA4U3,8,bar_chart,90.54054054,93,1.369862572
NPA4U3,9,pie_chart,84.74576271,90,2.42740163
NPA4U3,10,bar_chart,24,18,2.614709844
NPA4U3,11,bar_chart,45.20547945,50,2.298517719
NPA4U3,12,radial_bar_chart,21.42857143,15,2.712281331
NPA4U3,13,bar_chart,55.42168675,60,2.233677423
NPA4U3,14,bar_chart,96.05263158,90,2.627053834
NPA4U3,15,pie_chart,54.54545455,50,2.223562965
NPA4U3,16,pie_chart,68.75,60,3.14974712
NPA4U3,17,pie_chart,74.07407407,80,2.597155924
NPA4U3,18,pie_chart,85.29411765,80,2.438057968
NPA4U3,19,bar_chart,65,70,2.357552005
NPA4U3,20,bar_chart,48.27586207,50,0.8868528424
NPA4U3,21,radial_bar_chart,68.75,50,4.238404739
NPA4U3,22,pie_chart,18.75,8,3.442943496
NPA4U3,23,radial_bar_chart,87.64044944,85,1.467513965
NPA4U3,24,radial_bar_chart,30.55555556,15,3.970904769
NPA4U3,25,bar_chart,61.11111111,66,2.325930025
NPA4U3,26,radial_bar_chart,23.07692308,24,0.06774460664
NPA4U3,27,bar_chart,72.4137931,85,3.668029112
NPA4U3,28,radial_bar_chart,88.88888889,24,6.022676048
NPA4U3,29,bar_chart,19.35483871,18,0.5654399425
NPA4U3,30,radial_bar_chart,90.625,86,2.247927513
NPA4U3,31,bar_chart,51.2195122,60,3.154694638
NPA4U3,32,pie_chart,50,40,3.339850003
NPA4U3,33,bar_chart,37.70491803,38,-1.251257238
NPA4U3,34,bar_chart,17.85714286,13,2.31676639
NPA4U3,35,radial_bar_chart,77.02702703,75,1.105696197
NPA4U3,36,pie_chart,8.450704225,8,-0.796600294
NPA4U3,37,pie_chart,21.21212121,18,1.73860409
NPA4U3,38,radial_bar_chart,46.51162791,40,2.73045039
NPA4U3,39,bar_chart,85.52631579,90,2.201221132
NPA4U3,40,radial_bar_chart,71.92982456,32,5.323904119
NPA4U3,41,pie_chart,88.88888889,78,3.461252054
NPA4U3,42,pie_chart,95.65217391,89,2.760683794
NPA4U3,43,radial_bar_chart,80,80,-3
NPA4U3,44,bar_chart,34.04255319,33,0.2234882779
NPA4U3,45,radial_bar_chart,15.09433962,10,2.383867281
NPA4U3,46,pie_chart,32.20338983,25,2.873496249
NPA4U3,47,pie_chart,90,98,3.022367813
NPA4U3,48,radial_bar_chart,28.81355932,50,4.413556219
NPA4U3,49,bar_chart,38.70967742,50,3.512899724
NPA4U3,50,radial_bar_chart,14.81481481,33,4.194574477
NPA4U3,51,bar_chart,38.02816901,28,3.343858188
NPA4U3,52,bar_chart,51.1627907,65,3.803455339
NPA4U3,53,pie_chart,59.30232558,65,2.541681951
NPA4U3,54,radial_bar_chart,43.75,50,2.672425342
NPA4U3,55,radial_bar_chart,34.32835821,30,2.154893661
NPA4U3,56,pie_chart,48.8372093,33,3.996588441
NPA4U3,57,radial_bar_chart,47.05882353,25,4.47143614
NPA4U3,58,radial_bar_chart,26.31578947,18,3.077377942
NPA4U3,59,pie_chart,22.85714286,20,1.57634937
NPA4U3,60,bar_chart,31.57894737,45,3.759800601
XggvUq,1,radial_bar_chart,91.54929577,18,6.20308946
XggvUq,2,bar_chart,83.78378378,90,2.664759569
XggvUq,3,bar_chart,80.3030303,88,2.967531947
XggvUq,4,radial_bar_chart,73.68421053,97,4.550949255
XggvUq,5,bar_chart,76.47058824,84,2.936291512
XggvUq,6,bar_chart,15.25423729,20,2.284147701
XggvUq,7,pie_chart,61.11111111,79,4.171037763
XggvUq,8,radial_bar_chart,56.81818182,42,3.901415466
XggvUq,9,pie_chart,38.15789474,36,1.190864339
XggvUq,10,radial_bar_chart,5.376344086,95,6.487818428
XggvUq,11,pie_chart,23.17073171,29,2.573924229
XggvUq,12,bar_chart,52.72727273,59,2.677559493
XggvUq,13,pie_chart,39.74358974,53,3.742158263
XggvUq,14,radial_bar_chart,74.19354839,66,3.056331795
XggvUq,15,bar_chart,5.208333333,6,-0.1255308821
XggvUq,16,radial_bar_chart,51.54639175,98,5.541595628
XggvUq,17,bar_chart,21.21212121,17,2.116737764
XggvUq,18,pie_chart,20,20,-3
XggvUq,19,bar_chart,96.59090909,61,5.158494938
XggvUq,20,radial_bar_chart,59.34065934,84,4.631356974
XggvUq,21,pie_chart,56.09756098,69,3.703481597
XggvUq,22,bar_chart,20,16,2.044394119
XggvUq,23,radial_bar_chart,67.70833333,98,4.926790153
XggvUq,24,radial_bar_chart,55.91397849,53,1.603586466
XggvUq,25,bar_chart,53.44827586,67,3.773650811
XggvUq,26,radial_bar_chart,41.33333333,98,5.827607346
XggvUq,27,pie_chart,78.33333333,91,3.677132345
XggvUq,28,radial_bar_chart,76.66666667,15,5.949340382
XggvUq,29,pie_chart,83.11688312,89,2.58691288
XggvUq,30,bar_chart,66.25,75,3.14974712
XggvUq,31,radial_bar_chart,34.54545455,61,4.732244528
XggvUq,32,pie_chart,51.2195122,50,0.4270828409
XggvUq,33,bar_chart,82.14285714,85,1.57634937
XggvUq,34,bar_chart,29.6875,40,3.383704292
XggvUq,35,bar_chart,15.11627907,17,1.006277146
XggvUq,36,pie_chart,20.68965517,20,-0.2957385709
XggvUq,37,pie_chart,18.18181818,37,4.24360677
XggvUq,38,pie_chart,39.65517241,48,3.082332602
XggvUq,39,pie_chart,16.66666667,24,2.898853277
XggvUq,40,radial_bar_chart,48.45360825,77,4.841540032
XggvUq,41,radial_bar_chart,45.26315789,30,3.943748633
XggvUq,42,bar_chart,87.91208791,97,3.203657247
XggvUq,43,bar_chart,77.01149425,85,3.02032542
XggvUq,44,radial_bar_chart,62.16216216,99,5.208003619
XggvUq,45,pie_chart,82.29166667,89,2.772589504
XggvUq,46,pie_chart,44.64285714,67,4.490707646
XggvUq,47,pie_chart,65.90909091,67,0.2820353678
XggvUq,48,bar_chart,47.36842105,49,0.8127684182
XggvUq,49,pie_chart,53.96825397,57,1.658438197
XggvUq,50,pie_chart,55.88235294,49,2.808869563
XggvUq,51,radial_bar_chart,96.90721649,78,4.250371683
XggvUq,52,radial_bar_chart,79.72972973,34,5.518998645
XggvUq,53,bar_chart,80,87,2.832890014
XggvUq,54,pie_chart,60.2739726,78,4.157935204
XggvUq,55,bar_chart,81.70731707,87,2.437675961
XggvUq,56,bar_chart,28.86597938,28,-0.01307305423
XggvUq,57,radial_bar_chart,36.53846154,98,5.944543137
XggvUq,58,pie_chart,29.31034483,35,2.539693638
XggvUq,59,radial_bar_chart,27.02702703,10,4.100307179
XggvUq,60,radial_bar_chart,46.25,89,5.422064766
4Ds8_Q,1,pie_chart,70.42253521,85,3.87798613
4Ds8_Q,2,bar_chart,15.78947368,20,2.116207142
4Ds8_Q,3,radial_bar_chart,63.91752577,66,1.142396594
4Ds8_Q,4,pie_chart,39.43661972,48,3.11908725
4Ds8_Q,5,radial_bar_chart,55.55555556,30,4.682604508
4Ds8_Q,6,radial_bar_chart,92.13483146,40,5.707630567
4Ds8_Q,7,radial_bar_chart,39.50617284,15,4.62241342
4Ds8_Q,8,radial_bar_chart,33.33333333,75,5.38514339
4Ds8_Q,9,bar_chart,58.33333333,60,0.841302254
4Ds8_Q,10,bar_chart,58.90410959,45,3.810351541
4Ds8_Q,11,radial_bar_chart,86.59793814,30,5.825860358
4Ds8_Q,12,radial_bar_chart,82.79569892,75,2.98562774
4Ds8_Q,13,pie_chart,93.33333333,90,1.790076931
4Ds8_Q,14,pie_chart,65.11627907,60,2.389918927
4Ds8_Q,15,pie_chart,94.11764706,90,2.084964667
4Ds8_Q,16,pie_chart,10.12658228,8,1.170939198
4Ds8_Q,17,pie_chart,67.74193548,80,3.630296487
4Ds8_Q,18,bar_chart,70.83333333,75,2.101538026
4Ds8_Q,19,radial_bar_chart,44.44444444,90,5.513508291
4Ds8_Q,20,radial_bar_chart,74.02597403,55,4.259345865
4Ds8_Q,21,pie_chart,46.23655914,45,0.4452596477
4Ds8_Q,22,radial_bar_chart,47.19101124,10,5.221722877
4Ds8_Q,23,radial_bar_chart,30.3030303,5,4.668347808
4Ds8_Q,24,pie_chart,41.33333333,36,2.448460501
4Ds8_Q,25,bar_chart,50.50505051,55,2.20787708
4Ds8_Q,26,pie_chart,76.11940299,80,2.002017285
4Ds8_Q,27,bar_chart,40,55,3.918863237
4Ds8_Q,28,pie_chart,22.91666667,23,-2.263034406
4Ds8_Q,29,radial_bar_chart,64.70588235,15,5.638968215
4Ds8_Q,30,radial_bar_chart,70.27027027,33,5.224783905
4Ds8_Q,31,bar_chart,68.57142857,70,0.6355885738
4Ds8_Q,32,bar_chart,75,75,-3
4Ds8_Q,33,bar_chart,76.92307692,80,1.678938649
4Ds8_Q,34,radial_bar_chart,20.73170732,25,2.135302616
4Ds8_Q,35,bar_chart,46.23655914,40,2.669380396
4Ds8_Q,36,radial_bar_chart,85.22727273,60,4.66404318
4Ds8_Q,37,bar_chart,60.21505376,60,-1.556165236
4Ds8_Q,38,radial_bar_chart,16.66666667,11,2.533978572
4Ds8_Q,39,pie_chart,69.51219512,75,2.488721907
4Ds8_Q,40,radial_bar_chart,33.70786517,17,4.073208858
4Ds8_Q,41,radial_bar_chart,75.25773196,40,5.14497354
4Ds8_Q,42,pie_chart,14,14,-3
4Ds8_Q,43,bar_chart,86,90,2.044394119
4Ds8_Q,44,pie_chart,5.208333333,8,1.544320516
4Ds8_Q,45,pie_chart,14.70588235,15,-1.254572827
4Ds8_Q,46,bar_chart,97.33333333,95,1.297680549
4Ds8_Q,47,bar_chart,22.82608696,22,-0.07235084422
4Ds8_Q,48,pie_chart,98.61111111,95,1.901537361
4Ds8_Q,49,bar_chart,16.66666667,18,0.5443205162
4Ds8_Q,50,pie_chart,30.3030303,33,1.496702496
4Ds8_Q,51,pie_chart,94.04761905,95,0.1075284643
4Ds8_Q,52,bar_chart,82.55813953,85,1.360004873
4Ds8_Q,53,bar_chart,33.33333333,38,2.26052755
4Ds8_Q,54,bar_chart,91.57894737,90,0.7688807742
4Ds8_Q,55,pie_chart,29.54545455,25,2.223562965
4Ds8_Q,56,bar_chart,65.51724138,60,2.496268387
4Ds8_Q,57,radial_bar_chart,29.78723404,8,4.453664675
4Ds8_Q,58,bar_chart,67.6056338,75,2.910611063
4Ds8_Q,59,radial_bar_chart,21.25,60,5.28077077
4Ds8_Q,60,pie_chart,42.22222222,45,1.537434131
Hf4IpA,1,bar_chart,55.76923077,60,2.122927522
Hf4IpA,2,bar_chart,70,70,-3
Hf4IpA,3,bar_chart,78.78787879,65,3.798349061
Hf4IpA,4,radial_bar_chart,29.41176471,15,3.861634314
Hf4IpA,5,radial_bar_chart,48.71794872,25,4.575490763
Hf4IpA,6,pie_chart,27.71084337,25,1.503777853
Hf4IpA,7,pie_chart,36.9047619,35,1.021310506
Hf4IpA,8,radial_bar_chart,87.83783784,33,5.78038459
Hf4IpA,9,radial_bar_chart,100,98,1.087462841
Hf4IpA,10,bar_chart,69.64285714,75,2.454739923
Hf4IpA,11,bar_chart,38.88888889,35,2.005000681
Hf4IpA,12,pie_chart,97.87234043,98,-1.984733243
Hf4IpA,13,bar_chart,42.85714286,50,2.861530062
Hf4IpA,14,bar_chart,10.75268817,8,1.524910269
Hf4IpA,15,pie_chart,6.52173913,8,0.6810091882
Hf4IpA,16,pie_chart,33.33333333,25,3.080373416
Hf4IpA,17,radial_bar_chart,87.23404255,85,1.238201443
Hf4IpA,18,bar_chart,25.42372881,25,-0.8658347617
Hf4IpA,19,radial_bar_chart,42.26804124,98,5.80366512
Hf4IpA,20,bar_chart,90.16393443,95,2.310650026
Hf4IpA,21,pie_chart,81.13207547,98,4.08686226
Hf4IpA,22,radial_bar_chart,39.18918919,33,2.658597488
Hf4IpA,23,radial_bar_chart,45.45454545,100,5.772689465
Hf4IpA,24,bar_chart,72.22222222,70,1.230954435
Hf4IpA,25,bar_chart,65.93406593,60,2.599095405
Hf4IpA,26,pie_chart,45.05494505,50,2.342001382
Hf4IpA,27,radial_bar_chart,36.11111111,25,3.490070891
Hf4IpA,28,radial_bar_chart,44.89795918,10,5.130229081
Hf4IpA,29,pie_chart,26.31578947,20,2.687237536
Hf4IpA,30,radial_bar_chart,87.5,90,1.392317423
Hf4IpA,31,pie_chart,78.20512821,95,4.080646732
Hf4IpA,32,pie_chart,50,50,-3
Hf4IpA,33,radial_bar_chart,30,20,3.339850003
Hf4IpA,34,bar_chart,23.33333333,20,1.790076931
Hf4IpA,35,bar_chart,19.56521739,14,2.508483771
Hf4IpA,36,radial_bar_chart,69.23076923,80,3.445492428
Hf4IpA,37,radial_bar_chart,37.07865169,30,2.848728425
Hf4IpA,38,pie_chart,86.95652174,95,3.030067338
Hf4IpA,39,bar_chart,71.15384615,70,0.3548427174
Hf4IpA,40,pie_chart,69.33333333,95,4.688833098
Hf4IpA,41,pie_chart,30.76923077,30,-0.161280907
Hf4IpA,42,bar_chart,75.36231884,80,2.25177397
Hf4IpA,43,radial_bar_chart,81.63265306,80,0.8136503286
Hf4IpA,44,pie_chart,77.5862069,95,4.13247757
Hf4IpA,45,pie_chart,43.90243902,50,2.637508462
Hf4IpA,46,pie_chart,17.04545455,20,1.622717423
Hf4IpA,47,bar_chart,49.27536232,50,-0.2350803443
Hf4IpA,48,radial_bar_chart,52.17391304,45,2.867681633
Hf4IpA,49,radial_bar_chart,70,66,2.044394119
Hf4IpA,50,bar_chart,28.42105263,20,3.095258202
Hf4IpA,51,pie_chart,15.38461538,10,2.461951611
Hf4IpA,52,pie_chart,27.69230769,30,1.282553857
Hf4IpA,53,bar_chart,59.18367347,60,-0.08723283805
Hf4IpA,54,radial_bar_chart,9.210526316,7,1.223747701
Hf4IpA,55,pie_chart,82.08955224,95,3.704368234
Hf4IpA,56,bar_chart,71.42857143,80,3.12042304
Hf4IpA,57,radial_bar_chart,54.66666667,50,2.26052755
Hf4IpA,58,radial_bar_chart,18.05555556,50,5.003127456
Hf4IpA,59,pie_chart,81.81818182,90,3.054295977
Hf4IpA,60,bar_chart,78.125,85,2.807354922
iviSr7,1,pie_chart,37.11340206,30,2.855671245
iviSr7,2,radial_bar_chart,73.03370787,75,1.064394608
iviSr7,3,pie_chart,80.85106383,90,3.213181797
iviSr7,4,bar_chart,47.91666667,50,1.142957954
iviSr7,5,bar_chart,54.09836066,55,0.03792945563
iviSr7,6,bar_chart,50,50,-3
iviSr7,7,bar_chart,20.83333333,20,-0.06140054466
iviSr7,8,bar_chart,75.71428571,75,-0.2527660704
iviSr7,9,pie_chart,52.54237288,50,1.415419518
iviSr7,10,radial_bar_chart,78.57142857,85,2.712281331
iviSr7,11,pie_chart,14.66666667,10,2.26052755
iviSr7,12,pie_chart,52.94117647,50,1.616440732
iviSr7,13,pie_chart,25.53191489,30,2.199463516
iviSr7,14,bar_chart,14.70588235,10,2.272286719
iviSr7,15,radial_bar_chart,77.77777778,80,1.230954435
iviSr7,16,radial_bar_chart,84.375,90,2.523561956
iviSr7,17,pie_chart,45.09803922,30,3.92818451
iviSr7,18,radial_bar_chart,83.60655738,80,1.899777869
iviSr7,19,bar_chart,93.87755102,95,0.3189808108
iviSr7,20,pie_chart,39.13043478,30,3.210300764
iviSr7,21,radial_bar_chart,22.4137931,10,3.648326586
iviSr7,22,bar_chart,55.55555556,55,-0.5552151573
iviSr7,23,pie_chart,73.17073171,80,2.797898727
iviSr7,24,radial_bar_chart,83.01886792,80,1.652540611
iviSr7,25,radial_bar_chart,51.2195122,50,0.4270828409
iviSr7,26,bar_chart,79.59183673,80,-0.907350712
iviSr7,27,radial_bar_chart,23.46938776,98,6.222178814
iviSr7,28,pie_chart,12.72727273,10,1.512111935
iviSr7,29,bar_chart,13.23529412,15,0.9181617079
iviSr7,30,pie_chart,29.6875,20,3.294620749
iviSr7,31,radial_bar_chart,16,10,2.614709844
iviSr7,32,radial_bar_chart,69.47368421,70,-0.6185708934
iviSr7,33,radial_bar_chart,18.08510638,95,6.267533806
iviSr7,34,pie_chart,97.72727273,1,6.597713998
iviSr7,35,radial_bar_chart,27.41935484,30,1.435972646
iviSr7,36,radial_bar_chart,58.82352941,100,5.368121246
iviSr7,37,bar_chart,17.64705882,15,1.470957872
iviSr7,38,pie_chart,72.5,90,4.139551352
iviSr7,39,pie_chart,50.53763441,50,-0.5937149747
iviSr7,40,pie_chart,42.59259259,30,3.668753693
iviSr7,41,bar_chart,70,70,-3
iviSr7,42,pie_chart,28.57142857,20,3.12042304
iviSr7,43,bar_chart,43.93939394,45,0.2456247276
iviSr7,44,bar_chart,63.15789474,70,2.800559361
iviSr7,45,bar_chart,19.23076923,20,-0.161280907
iviSr7,46,bar_chart,85.71428571,90,2.14101231
iviSr7,47,radial_bar_chart,83.33333333,95,3.559695742
iviSr7,48,bar_chart,66.66666667,66,-0.3370349873
iviSr7,49,bar_chart,94.11764706,90,2.084964667
iviSr7,50,pie_chart,26.02739726,20,2.621148661
iviSr7,51,pie_chart,90,100,3.339850003
iviSr7,52,pie_chart,67.85714286,80,3.616811367
iviSr7,53,radial_bar_chart,88.63636364,0,6.471859927
iviSr7,54,pie_chart,41.02564103,80,5.28907305
iviSr7,55,radial_bar_chart,88.29787234,89,-0.2738180815
iviSr7,56,bar_chart,32.95454545,89,5.811739573
iviSr7,57,radial_bar_chart,63.41463415,89,4.684278234
iviSr7,58,bar_chart,36.06557377,90,5.756474295
iviSr7,59,radial_bar_chart,83.09859155,80,1.688668956
iviSr7,60,radial_bar_chart,32.18390805,80,5.583190865
r4SGxF,1,radial_bar_chart,87.20930233,75,3.624604209
r4SGxF,2,pie_chart,65.38461538,80,3.881702264
r4SGxF,3,bar_chart,47.61904762,45,1.456305518
r4SGxF,4,radial_bar_chart,22.72727273,25,1.26166757
r4SGxF,5,pie_chart,69.23076923,50,4.274691739
r4SGxF,6,pie_chart,90,90,-3
r4SGxF,7,bar_chart,73.07692308,80,2.81722967
r4SGxF,8,pie_chart,68.18181818,60,3.054295977
r4SGxF,9,radial_bar_chart,77.77777778,95,4.11663276
r4SGxF,10,bar_chart,28.20512821,30,0.9410099739
r4SGxF,11,pie_chart,42,33,3.189824559
r4SGxF,12,pie_chart,32.35294118,30,1.30914194
r4SGxF,13,pie_chart,15.78947368,20,2.116207142
r4SGxF,14,bar_chart,76.53061224,75,0.7273648239
r4SGxF,15,bar_chart,45,40,2.357552005
r4SGxF,16,radial_bar_chart,12.98701299,10,1.637848081
r4SGxF,17,radial_bar_chart,12.19512195,50,5.245262828
r4SGxF,18,pie_chart,77.94117647,80,1.12685628
r4SGxF,19,bar_chart,63.04347826,66,1.623642969
r4SGxF,20,radial_bar_chart,50,50,-3
r4SGxF,21,radial_bar_chart,38.94736842,100,5.934932351
r4SGxF,22,bar_chart,87.75510204,80,2.978214312
r4SGxF,23,radial_bar_chart,49.47368421,90,5.345230145
r4SGxF,24,radial_bar_chart,17.80821918,50,5.014211589
r4SGxF,25,bar_chart,42.85714286,40,1.57634937
r4SGxF,26,pie_chart,65.71428571,50,3.985435372
r4SGxF,27,bar_chart,39.62264151,33,2.754383328
r4SGxF,28,radial_bar_chart,6.315789474,10,1.929492025
r4SGxF,29,radial_bar_chart,42.64705882,75,5.021388276
r4SGxF,30,bar_chart,71.25,75,1.95419631
r4SGxF,31,radial_bar_chart,92.06349206,40,5.705659812
r4SGxF,32,radial_bar_chart,43.61702128,20,4.569370859
r4SGxF,33,bar_chart,89.8989899,90,-2.145540843
r4SGxF,34,bar_chart,13.51351351,20,2.724974675
r4SGxF,35,pie_chart,95.16129032,90,2.40225566
r4SGxF,36,pie_chart,96.15384615,100,1.989558253
r4SGxF,37,pie_chart,85.10638298,85,-2.111645356
r4SGxF,38,bar_chart,18.18181818,20,0.9584208962
r4SGxF,39,pie_chart,11.29032258,5,2.68152181
r4SGxF,40,radial_bar_chart,16.88311688,10,2.809026837
r4SGxF,41,pie_chart,53.7037037,50,1.936856017
r4SGxF,42,bar_chart,34.48275862,-33,6.079116914
r4SGxF,43,radial_bar_chart,18.33333333,15,1.790076931
r4SGxF,44,pie_chart,35.41666667,33,1.345774837
r4SGxF,45,bar_chart,89.70588235,90,-1.254572827
r4SGxF,46,bar_chart,86.2745098,80,2.6779614
r4SGxF,47,bar_chart,26.08695652,25,0.2773379439
r4SGxF,48,radial_bar_chart,23.75,20,1.95419631
r4SGxF,49,pie_chart,68.08510638,75,2.815553628
r4SGxF,50,pie_chart,85.85858586,80,2.581010326
r4SGxF,51,bar_chart,9.090909091,15,2.593136432
r4SGxF,52,bar_chart,83.95061728,80,2.027018583
r4SGxF,53,pie_chart,58.06451613,50,3.033778214
r4SGxF,54,bar_chart,52.17391304,50,1.200951897
r4SGxF,55,pie_chart,63.63636364,50,3.782551531
r4SGxF,56,pie_chart,36.36363636,25,3.522135663
r4SGxF,57,radial_bar_chart,35.29411765,10,4.667842047
r4SGxF,58,radial_bar_chart,70.58823529,50,4.372481007
r4SGxF,59,radial_bar_chart,22.95081967,25,1.120471603
r4SGxF,60,radial_bar_chart,16.43835616,33,4.060621911
APuwyP,1,bar_chart,98.96907216,98,0.1297079014
APuwyP,2,bar_chart,7.407407407,12,2.238050834
APuwyP,3,radial_bar_chart,16.16161616,33,4.084352081
APuwyP,4,pie_chart,48.86363636,45,1.995895602
APuwyP,5,pie_chart,73.58490566,68,2.513466909
APuwyP,6,bar_chart,43.29896907,44,-0.2757322956
APuwyP,7,pie_chart,96.7032967,100,1.774714666
APuwyP,8,radial_bar_chart,65.95744681,67,0.2234882779
APuwyP,9,radial_bar_chart,62.12121212,24,5.257244966
APuwyP,10,bar_chart,66.66666667,70,1.790076931
APuwyP,11,bar_chart,33.33333333,34,-0.3370349873
APuwyP,12,radial_bar_chart,83.33333333,50,5.064293677
APuwyP,13,bar_chart,44,45,0.1699250014
APuwyP,14,pie_chart,8.24742268,10,0.9088723199
APuwyP,15,bar_chart,61.53846154,70,3.102076647
APuwyP,16,bar_chart,77.27272727,75,1.26166757
APuwyP,17,pie_chart,63.38028169,48,3.954687831
APuwyP,18,pie_chart,52.38095238,46,2.701760263
APuwyP,19,bar_chart,57.35294118,50,2.902641123
APuwyP,20,bar_chart,44.59459459,40,2.23866294
APuwyP,21,radial_bar_chart,46.15384615,30,4.02492654
APuwyP,22,pie_chart,17.85714286,20,1.181329765
APuwyP,23,radial_bar_chart,26.41509434,50,4.567418017
APuwyP,24,pie_chart,50.98039216,52,0.1948533977
APuwyP,25,bar_chart,58.57142857,60,0.6355885738
APuwyP,26,radial_bar_chart,23.61111111,80,5.820533564
APuwyP,27,pie_chart,95.55555556,96,-0.8123729968
APuwyP,28,pie_chart,93.65079365,100,2.694703349
APuwyP,29,bar_chart,32.25806452,32,-1.384340702
APuwyP,30,pie_chart,25.25252525,22,1.755966556
APuwyP,31,bar_chart,9.836065574,15,2.402977089
APuwyP,32,pie_chart,96.875,96,0
APuwyP,33,pie_chart,54.32098765,75,4.378789894
APuwyP,34,radial_bar_chart,50,73,4.531381461
APuwyP,35,bar_chart,79.48717949,74,2.48856115
APuwyP,36,pie_chart,73.21428571,72,0.4214637684
APuwyP,37,radial_bar_chart,29.33333333,48,4.232021123
APuwyP,38,radial_bar_chart,58.90410959,10,5.615566656
APuwyP,39,radial_bar_chart,98.71794872,20,6.300909829
APuwyP,40,bar_chart,68.75,60,3.14974712
APuwyP,41,radial_bar_chart,21.62162162,25,1.808746813
APuwyP,42,bar_chart,95.23809524,89,2.669728715
APuwyP,43,pie_chart,50,49,0.1699250014
APuwyP,44,pie_chart,26.31578947,21,2.443816006
APuwyP,45,bar_chart,40.81632653,46,2.408351406
APuwyP,46,radial_bar_chart,96.55172414,98,0.6537716586
APuwyP,47,radial_bar_chart,16.21621622,15,0.4235418315
APuwyP,48,radial_bar_chart,42.59259259,90,5.570839568
APuwyP,49,radial_bar_chart,12.34567901,10,1.30490759
APuwyP,50,bar_chart,76.19047619,80,1.976189039
APuwyP,51,bar_chart,55.20833333,60,2.297680549
APuwyP,52,pie_chart,67.9245283,70,1.137812816
APuwyP,53,pie_chart,8.771929825,5,1.962337952
APuwyP,54,radial_bar_chart,59.75609756,73,3.740809123
APuwyP,55,radial_bar_chart,48,80,5.005624549
APuwyP,56,radial_bar_chart,44.82758621,99,5.762811578
APuwyP,57,radial_bar_chart,40,30,3.339850003
APuwyP,58,pie_chart,42.62295082,38,2.247304991
APuwyP,59,bar_chart,95.74468085,96,-1.394717515
APuwyP,60,pie_chart,53.06122449,45,3.03319823
VHRfO-,1,bar_chart,47.22222222,45,1.230954435
VHRfO-,2,bar_chart,24.56140351,25,-0.827265465
VHRfO-,3,radial_bar_chart,16.12903226,15,0.3265744597
VHRfO-,4,bar_chart,58.2278481,57,0.4359998616
VHRfO-,5,bar_chart,89.23076923,90,-0.161280907
VHRfO-,6,radial_bar_chart,45.3125,10,5.147204925
VHRfO-,7,pie_chart,61.11111111,80,4.24898173
VHRfO-,8,bar_chart,87.27272727,91,1.945709844
VHRfO-,9,pie_chart,33.96226415,32,1.06161319
VHRfO-,10,pie_chart,45.45454545,46,-0.5767885693
VHRfO-,11,pie_chart,47.42268041,40,2.916033337
VHRfO-,12,radial_bar_chart,41.30434783,100,5.878250875
VHRfO-,13,bar_chart,53.53535354,56,1.372755156
VHRfO-,14,pie_chart,41.86046512,50,3.046933629
VHRfO-,15,bar_chart,71.73913043,65,2.779076968
VHRfO-,16,pie_chart,60.46511628,60,-0.7609288375
VHRfO-,17,radial_bar_chart,85.85858586,57,4.857164192
VHRfO-,18,bar_chart,85.41666667,88,1.437405312
VHRfO-,19,bar_chart,27.86885246,34,2.645274537
VHRfO-,20,pie_chart,12.6984127,20,2.892699409
VHRfO-,21,pie_chart,51.51515152,45,2.731216161
VHRfO-,22,bar_chart,41.57303371,40,0.7638650983
VHRfO-,23,pie_chart,44.44444444,48,1.879923548
VHRfO-,24,bar_chart,38.98305085,39,-2.816553859
VHRfO-,25,bar_chart,59.3220339,68,3.137989712
VHRfO-,26,pie_chart,47.36842105,50,1.46287892
VHRfO-,27,pie_chart,57.14285714,60,1.57634937
VHRfO-,28,bar_chart,62.12121212,67,2.323020632
VHRfO-,29,pie_chart,91.30434783,100,3.140885328
VHRfO-,30,radial_bar_chart,98.64864865,50,5.608029996
VHRfO-,31,radial_bar_chart,98.4375,75,4.558420713
VHRfO-,32,pie_chart,24.74226804,24,-0.2054501476
VHRfO-,33,bar_chart,61.53846154,60,0.7341885095
VHRfO-,34,bar_chart,44.61538462,47,1.327466278
VHRfO-,35,bar_chart,62.19512195,59,1.731236234
VHRfO-,36,radial_bar_chart,46.83544304,95,5.593639322
VHRfO-,37,radial_bar_chart,26.08695652,15,3.48696615
VHRfO-,38,pie_chart,100,100,-3
VHRfO-,39,radial_bar_chart,91.30434783,89,1.280569065
VHRfO-,40,radial_bar_chart,8.450704225,18,3.274156646
VHRfO-,41,bar_chart,94.73684211,93,0.8967307294
VHRfO-,42,radial_bar_chart,31.81818182,12,4.317823697
VHRfO-,43,radial_bar_chart,54.71698113,22,5.037469253
VHRfO-,44,radial_bar_chart,50.81967213,13,5.245825424
VHRfO-,45,radial_bar_chart,7.042253521,9,1.058487239
VHRfO-,46,bar_chart,64.70588235,64,-0.2672838788
VHRfO-,47,bar_chart,36.58536585,40,1.823600252
VHRfO-,48,radial_bar_chart,63.46153846,67,1.873207469
VHRfO-,49,radial_bar_chart,33.70786517,100,6.053483583
VHRfO-,50,pie_chart,89.87341772,95,2.392752166
VHRfO-,51,pie_chart,80.85106383,88,2.862736266
VHRfO-,52,radial_bar_chart,29.8245614,100,6.135461785
VHRfO-,53,pie_chart,63.63636364,80,4.043400185
VHRfO-,54,radial_bar_chart,14.60674157,45,4.93160073
VHRfO-,55,pie_chart,80.80808081,80,-0.09992606593
VHRfO-,56,radial_bar_chart,12.06896552,20,3.010069859
VHRfO-,57,pie_chart,40.4040404,30,3.396302053
VHRfO-,58,bar_chart,66.30434783,65,0.5153570332
VHRfO-,59,radial_bar_chart,47.72727273,24,4.576054833
VHRfO-,60,pie_chart,96.55172414,84,3.664110074
,,,,,-3
,,,,,-3
,,,,,-3
,,,,,-3
,,,,,-3
,,,,,-3
,,,,,-3
,,,,,-3
,,,,,-3
,,,,,-3
,,,,,-3
,,,,,-3
,,,,,-3
,,,,,-3
,,,,,-3
,,,,,-3
,,,,,-3
,,,,,-3
,,,,,-3
,,,,,-3
,,,,,-3
,,,,,-3
,,,,,-3
,,,,,-3
,,,,,-3
,,,,,-3
,,,,,-3
,,,,,-3
,,,,,-3
,,,,,-3
,,,,,-3
,,,,,-3
,,,,,-3
,,,,,-3
,,,,,-3
,,,,,-3
,,,,,-3
,,,,,-3
,,,,,-3
,,,,,-3
,,,,,-3
,,,,,-3
,,,,,-3
,,,,,-3
,,,,,-3
,,,,,-3
,,,,,-3
,,,,,-3
,,,,,-3
,,,,,-3
,,,,,-3
,,,,,-3
,,,,,-3
,,,,,-3
,,,,,-3
,,,,,-3
,,,,,-3
,,,,,-3
,,,,,-3
,,,,,-3
,,,,,-3
,,,,,-3
,,,,,-3
,,,,,-3
,,,,,-3
,,,,,-3
,,,,,-3
,,,,,-3
,,,,,-3
,,,,,-3
,,,,,-3
,,,,,-3
,,,,,-3
,,,,,-3
,,,,,-3
,,,,,-3
,,,,,-3
,,,,,-3
,,,,,-3
,,,,,-3
,,,,,-3
,,,,,-3
,,,,,-3
,,,,,-3
,,,,,-3
,,,,,-3
,,,,,-3
,,,,,-3
,,,,,-3
,,,,,-3
,,,,,-3
,,,,,-3
,,,,,-3
,,,,,-3
,,,,,-3
,,,,,-3
,,,,,-3
,,,,,-3
,,,,,-3
,,,,,-3
,,,,,-3
,,,,,-3
,,,,,-3
,,,,,-3
,,,,,-3
,,,,,-3
,,,,,-3
,,,,,-3
,,,,,-3
,,,,,-3
,,,,,-3
,,,,,-3
,,,,,-3
,,,,,-3
,,,,,-3
,,,,,-3
,,,,,-3
,,,,,-3
,,,,,-3
,,,,,-3
,,,,,-3
,,,,,-3
,,,,,-3
,,,,,-3
,,,,,-3
,,,,,-3
,,,,,-3
,,,,,-3
,,,,,-3
,,,,,-3
,,,,,-3
,,,,,-3
,,,,,-3
,,,,,-3
,,,,,-3
,,,,,-3
,,,,,-3
,,,,,-3
,,,,,-3
,,,,,-3
,,,,,-3
,,,,,-3
,,,,,-3
,,,,,-3
,,,,,-3
,,,,,-3
,,,,,-3
,,,,,-3
,,,,,-3
,,,,,-3
,,,,,-3
,,,,,-3
,,,,,-3
,,,,,-3
,,,,,-3
,,,,,-3
,,,,,-3
,,,,,-3
,,,,,-3
,,,,,-3
,,,,,-3
,,,,,-3
,,,,,-3
,,,,,-3
,,,,,-3
,,,,,-3
,,,,,-3
,,,,,-3
,,,,,-3
,,,,,-3
,,,,,-3
,,,,,-3
,,,,,-3
,,,,,-3
,,,,,-3
,,,,,-3
,,,,,-3
,,,,,-3
,,,,,-3
,,,,,-3
,,,,,-3
,,,,,-3
,,,,,-3
,,,,,-3
,,,,,-3
,,,,,-3
,,,,,-3
,,,,,-3
,,,,,-3
,,,,,-3
,,,,,-3
,,,,,-3
,,,,,-3
,,,,,-3
,,,,,-3
,,,,,-3
,,,,,-3
,,,,,-3
,,,,,-3
,,,,,-3
,,,,,-3
,,,,,-3
,,,,,-3
,,,,,-3
,,,,,-3
,,,,,-3
,,,,,-3
,,,,,-3
,,,,,-3
,,,,,-3
,,,,,-3
,,,,,-3
,,,,,-3
,,,,,-3
,,,,,-3
,,,,,-3
,,,,,-3
,,,,,-3
,,,,,-3
,,,,,-3
,,,,,-3
,,,,,-3
,,,,,-3
,,,,,-3
,,,,,-3
,,,,,-3
,,,,,-3
,,,,,-3
,,,,,-3
,,,,,-3
,,,,,-3
,,,,,-3
,,,,,-3
,,,,,-3
,,,,,-3
,,,,,-3
,,,,,-3
,,,,,-3
,,,,,-3
,,,,,-3
,,,,,-3
,,,,,-3
,,,,,-3
,,,,,-3
,,,,,-3
,,,,,-3
,,,,,-3
,,,,,-3
,,,,,-3
,,,,,-3
,,,,,-3
,,,,,-3
,,,,,-3
,,,,,-3
,,,,,-3
,,,,,-3
,,,,,-3
,,,,,-3
,,,,,-3
,,,,,-3
,,,,,-3
,,,,,-3
,,,,,-3
,,,,,-3
,,,,,-3
,,,,,-3
,,,,,-3
,,,,,-3
,,,,,-3
,,,,,-3
,,,,,-3
,,,,,-3
,,,,,-3
,,,,,-3
,,,,,-3
,,,,,-3
,,,,,-3
,,,,,-3
,,,,,-3
,,,,,-3
,,,,,-3
,,,,,-3
,,,,,-3
,,,,,-3
,,,,,-3
,,,,,-3
,,,,,-3
,,,,,-3
,,,,,-3
,,,,,-3
,,,,,-3
,,,,,-3
,,,,,-3
,,,,,-3
,,,,,-3
,,,,,-3
,,,,,-3
,,,,,-3
,,,,,-3
,,,,,-3
,,,,,-3
,,,,,-3
,,,,,-3
,,,,,-3
,,,,,-3
,,,,,-3
,,,,,-3
,,,,,-3
,,,,,-3
,,,,,-3
,,,,,-3
,,,,,-3
,,,,,-3
,,,,,-3
,,,,,-3
,,,,,-3
,,,,,-3
,,,,,-3
,,,,,-3
,,,,,-3
,,,,,-3
,,,,,-3
,,,,,-3
,,,,,-3
,,,,,-3
,,,,,-3
,,,,,-3
,,,,,-3
,,,,,-3
,,,,,-3
,,,,,-3
,,,,,-3
,,,,,-3
,,,,,-3
,,,,,-3
,,,,,-3
,,,,,-3
,,,,,-3
,,,,,-3
,,,,,-3
,,,,,-3
,,,,,-3
,,,,,-3
,,,,,-3
,,,,,-3
,,,,,-3
,,,,,-3
,,,,,-3
,,,,,-3
,,,,,-3
,,,,,-3
,,,,,-3
,,,,,-3
,,,,,-3
,,,,,-3
,,,,,-3
,,,,,-3
,,,,,-3
,,,,,-3
,,,,,-3
,,,,,-3
,,,,,-3
,,,,,-3
,,,,,-3
,,,,,-3